Workbook

Sheet BLS gross flows
A1: Data extracted on: October 28, 2013 (10:18:38 AM)
A4: Labor Force Statistics from the Current Population Survey
A5: Original Data Value
A7: Download:
A8: Series ID | B8: 17533 | C8: 17564 | D8: 17593 | E8: 17624 | F8: 17654 | G8: 17685 | H8: 17715 | I8: 17746 | J8: 17777 | K8: 17807 | L8: 17838 | M8: 17868 | N8: Annual 1948 | O8: 17899 | P8: 17930 | Q8: 17958 | R8: 17989 | S8: 18019 | T8: 18050 | U8: 18080 | V8: 18111 | W8: 18142 | X8: 18172 | Y8: 18203 | Z8: 18233 | AA8: Annual 1949 | AB8: 18264 | AC8: 18295 | AD8: 18323 | AE8: 18354 | AF8: 18384 | AG8: 18415 | AH8: 18445 | AI8: 18476 | AJ8: 18507 | AK8: 18537 | AL8: 18568 | AM8: 18598 | AN8: Annual 1950 | AO8: 18629 | AP8: 18660 | AQ8: 18688 | AR8: 18719 | AS8: 18749 | AT8: 18780 | AU8: 18810 | AV8: 18841 | AW8: 18872 | AX8: 18902 | AY8: 18933 | AZ8: 18963 | BA8: Annual 1951 | BB8: 18994 | BC8: 19025 | BD8: 19054 | BE8: 19085 | BF8: 19115 | BG8: 19146 | BH8: 19176 | BI8: 19207 | BJ8: 19238 | BK8: 19268 | BL8: 19299 | BM8: 19329 | BN8: Annual 1952 | BO8: 19360 | BP8: 19391 | BQ8: 19419 | BR8: 19450 | BS8: 19480 | BT8: 19511 | BU8: 19541 | BV8: 19572 | BW8: 19603 | BX8: 19633 | BY8: 19664 | BZ8: 19694 | CA8: Annual 1953 | CB8: 19725 | CC8: 19756 | CD8: 19784 | CE8: 19815 | CF8: 19845 | CG8: 19876 | CH8: 19906 | CI8: 19937 | CJ8: 19968 | CK8: 19998 | CL8: 20029 | CM8: 20059 | CN8: Annual 1954 | CO8: 20090 | CP8: 20121 | CQ8: 20149 | CR8: 20180 | CS8: 20210 | CT8: 20241 | CU8: 20271 | CV8: 20302 | CW8: 20333 | CX8: 20363 | CY8: 20394 | CZ8: 20424 | DA8: Annual 1955 | DB8: 20455 | DC8: 20486 | DD8: 20515 | DE8: 20546 | DF8: 20576 | DG8: 20607 | DH8: 20637 | DI8: 20668 | DJ8: 20699 | DK8: 20729 | DL8: 20760 | DM8: 20790 | DN8: Annual 1956 | DO8: 20821 | DP8: 20852 | DQ8: 20880 | DR8: 20911 | DS8: 20941 | DT8: 20972 | DU8: 21002 | DV8: 21033 | DW8: 21064 | DX8: 21094 | DY8: 21125 | DZ8: 21155 | EA8: Annual 1957 | EB8: 21186 | EC8: 21217 | ED8: 21245 | EE8: 21276 | EF8: 21306 | EG8: 21337 | EH8: 21367 | EI8: 21398 | EJ8: 21429 | EK8: 21459 | EL8: 21490 | EM8: 21520 | EN8: Annual 1958 | EO8: 21551 | EP8: 21582 | EQ8: 21610 | ER8: 21641 | ES8: 21671 | ET8: 21702 | EU8: 21732 | EV8: 21763 | EW8: 21794 | EX8: 21824 | EY8: 21855 | EZ8: 21885 | FA8: Annual 1959 | FB8: 21916 | FC8: 21947 | FD8: 21976 | FE8: 22007 | FF8: 22037 | FG8: 22068 | FH8: 22098 | FI8: 22129 | FJ8: 22160 | FK8: 22190 | FL8: 22221 | FM8: 22251 | FN8: Annual 1960 | FO8: 22282 | FP8: 22313 | FQ8: 22341 | FR8: 22372 | FS8: 22402 | FT8: 22433 | FU8: 22463 | FV8: 22494 | FW8: 22525 | FX8: 22555 | FY8: 22586 | FZ8: 22616 | GA8: Annual 1961 | GB8: 22647 | GC8: 22678 | GD8: 22706 | GE8: 22737 | GF8: 22767 | GG8: 22798 | GH8: 22828 | GI8: 22859 | GJ8: 22890 | GK8: 22920 | GL8: 22951 | GM8: 22981 | GN8: Annual 1962 | GO8: 23012 | GP8: 23043 | GQ8: 23071 | GR8: 23102 | GS8: 23132 | GT8: 23163 | GU8: 23193 | GV8: 23224 | GW8: 23255 | GX8: 23285 | GY8: 23316 | GZ8: 23346 | HA8: Annual 1963 | HB8: 23377 | HC8: 23408 | HD8: 23437 | HE8: 23468 | HF8: 23498 | HG8: 23529 | HH8: 23559 | HI8: 23590 | HJ8: 23621 | HK8: 23651 | HL8: 23682 | HM8: 23712 | HN8: Annual 1964 | HO8: 23743 | HP8: 23774 | HQ8: 23802 | HR8: 23833 | HS8: 23863 | HT8: 23894 | HU8: 23924 | HV8: 23955 | HW8: 23986 | HX8: 24016 | HY8: 24047 | HZ8: 24077 | IA8: Annual 1965 | IB8: 24108 | IC8: 24139 | ID8: 24167 | IE8: 24198 | IF8: 24228 | IG8: 24259 | IH8: 24289 | II8: 24320 | IJ8: 24351 | IK8: 24381 | IL8: 24412 | IM8: 24442 | IN8: Annual 1966 | IO8: 24473 | IP8: 24504 | IQ8: 24532 | IR8: 24563 | IS8: 24593 | IT8: 24624 | IU8: 24654 | IV8: 24685 | IW8: 24716 | IX8: 24746 | IY8: 24777 | IZ8: 24807 | JA8: Annual 1967 | JB8: 24838 | JC8: 24869 | JD8: 24898 | JE8: 24929 | JF8: 24959 | JG8: 24990 | JH8: 25020 | JI8: 25051 | JJ8: 25082 | JK8: 25112 | JL8: 25143 | JM8: 25173 | JN8: Annual 1968 | JO8: 25204 | JP8: 25235 | JQ8: 25263 | JR8: 25294 | JS8: 25324 | JT8: 25355 | JU8: 25385 | JV8: 25416 | JW8: 25447 | JX8: 25477 | JY8: 25508 | JZ8: 25538 | KA8: Annual 1969 | KB8: 25569 | KC8: 25600 | KD8: 25628 | KE8: 25659 | KF8: 25689 | KG8: 25720 | KH8: 25750 | KI8: 25781 | KJ8: 25812 | KK8: 25842 | KL8: 25873 | KM8: 25903 | KN8: Annual 1970 | KO8: 25934 | KP8: 25965 | KQ8: 25993 | KR8: 26024 | KS8: 26054 | KT8: 26085 | KU8: 26115 | KV8: 26146 | KW8: 26177 | KX8: 26207 | KY8: 26238 | KZ8: 26268 | LA8: Annual 1971 | LB8: 26299 | LC8: 26330 | LD8: 26359 | LE8: 26390 | LF8: 26420 | LG8: 26451 | LH8: 26481 | LI8: 26512 | LJ8: 26543 | LK8: 26573 | LL8: 26604 | LM8: 26634 | LN8: Annual 1972 | LO8: 26665 | LP8: 26696 | LQ8: 26724 | LR8: 26755 | LS8: 26785 | LT8: 26816 | LU8: 26846 | LV8: 26877 | LW8: 26908 | LX8: 26938 | LY8: 26969 | LZ8: 26999 | MA8: Annual 1973 | MB8: 27030 | MC8: 27061 | MD8: 27089 | ME8: 27120 | MF8: 27150 | MG8: 27181 | MH8: 27211 | MI8: 27242 | MJ8: 27273 | MK8: 27303 | ML8: 27334 | MM8: 27364 | MN8: Annual 1974 | MO8: 27395 | MP8: 27426 | MQ8: 27454 | MR8: 27485 | MS8: 27515 | MT8: 27546 | MU8: 27576 | MV8: 27607 | MW8: 27638 | MX8: 27668 | MY8: 27699 | MZ8: 27729 | NA8: Annual 1975 | NB8: 27760 | NC8: 27791 | ND8: 27820 | NE8: 27851 | NF8: 27881 | NG8: 27912 | NH8: 27942 | NI8: 27973 | NJ8: 28004 | NK8: 28034 | NL8: 28065 | NM8: 28095 | NN8: Annual 1976 | NO8: 28126 | NP8: 28157 | NQ8: 28185 | NR8: 28216 | NS8: 28246 | NT8: 28277 | NU8: 28307 | NV8: 28338 | NW8: 28369 | NX8: 28399 | NY8: 28430 | NZ8: 28460 | OA8: Annual 1977 | OB8: 28491 | OC8: 28522 | OD8: 28550 | OE8: 28581 | OF8: 28611 | OG8: 28642 | OH8: 28672 | OI8: 28703 | OJ8: 28734 | OK8: 28764 | OL8: 28795 | OM8: 28825 | ON8: Annual 1978 | OO8: 28856 | OP8: 28887 | OQ8: 28915 | OR8: 28946 | OS8: 28976 | OT8: 29007 | OU8: 29037 | OV8: 29068 | OW8: 29099 | OX8: 29129 | OY8: 29160 | OZ8: 29190 | PA8: Annual 1979 | PB8: 29221 | PC8: 29252 | PD8: 29281 | PE8: 29312 | PF8: 29342 | PG8: 29373 | PH8: 29403 | PI8: 29434 | PJ8: 29465 | PK8: 29495 | PL8: 29526 | PM8: 29556 | PN8: Annual 1980 | PO8: 29587 | PP8: 29618 | PQ8: 29646 | PR8: 29677 | PS8: 29707 | PT8: 29738 | PU8: 29768 | PV8: 29799 | PW8: 29830 | PX8: 29860 | PY8: 29891 | PZ8: 29921 | QA8: Annual 1981 | QB8: 29952 | QC8: 29983 | QD8: 30011 | QE8: 30042 | QF8: 30072 | QG8: 30103 | QH8: 30133 | QI8: 30164 | QJ8: 30195 | QK8: 30225 | QL8: 30256 | QM8: 30286 | QN8: Annual 1982 | QO8: 30317 | QP8: 30348 | QQ8: 30376 | QR8: 30407 | QS8: 30437 | QT8: 30468 | QU8: 30498 | QV8: 30529 | QW8: 30560 | QX8: 30590 | QY8: 30621 | QZ8: 30651 | RA8: Annual 1983 | RB8: 30682 | RC8: 30713 | RD8: 30742 | RE8: 30773 | RF8: 30803 | RG8: 30834 | RH8: 30864 | RI8: 30895 | RJ8: 30926 | RK8: 30956 | RL8: 30987 | RM8: 31017 | RN8: Annual 1984 | RO8: 31048 | RP8: 31079 | RQ8: 31107 | RR8: 31138 | RS8: 31168 | RT8: 31199 | RU8: 31229 | RV8: 31260 | RW8: 31291 | RX8: 31321 | RY8: 31352 | RZ8: 31382 | SA8: Annual 1985 | SB8: 31413 | SC8: 31444 | SD8: 31472 | SE8: 31503 | SF8: 31533 | SG8: 31564 | SH8: 31594 | SI8: 31625 | SJ8: 31656 | SK8: 31686 | SL8: 31717 | SM8: 31747 | SN8: Annual 1986 | SO8: 31778 | SP8: 31809 | SQ8: 31837 | SR8: 31868 | SS8: 31898 | ST8: 31929 | SU8: 31959 | SV8: 31990 | SW8: 32021 | SX8: 32051 | SY8: 32082 | SZ8: 32112 | TA8: Annual 1987 | TB8: 32143 | TC8: 32174 | TD8: 32203 | TE8: 32234 | TF8: 32264 | TG8: 32295 | TH8: 32325 | TI8: 32356 | TJ8: 32387 | TK8: 32417 | TL8: 32448 | TM8: 32478 | TN8: Annual 1988 | TO8: 32509 | TP8: 32540 | TQ8: 32568 | TR8: 32599 | TS8: 32629 | TT8: 32660 | TU8: 32690 | TV8: 32721 | TW8: 32752 | TX8: 32782 | TY8: 32813 | TZ8: 32843 | UA8: Annual 1989 | UB8: 32874 | UC8: 32905 | UD8: 32933 | UE8: 32964 | UF8: 32994 | UG8: 33025 | UH8: 33055 | UI8: 33086 | UJ8: 33117 | UK8: 33147 | UL8: 33178 | UM8: 33208 | UN8: Annual 1990 | UO8: 33239 | UP8: 33270 | UQ8: 33298 | UR8: 33329 | US8: 33359 | UT8: 33390 | UU8: 33420 | UV8: 33451 | UW8: 33482 | UX8: 33512 | UY8: 33543 | UZ8: 33573 | VA8: Annual 1991 | VB8: 33604 | VC8: 33635 | VD8: 33664 | VE8: 33695 | VF8: 33725 | VG8: 33756 | VH8: 33786 | VI8: 33817 | VJ8: 33848 | VK8: 33878 | VL8: 33909 | VM8: 33939 | VN8: Annual 1992 | VO8: 33970 | VP8: 34001 | VQ8: 34029 | VR8: 34060 | VS8: 34090 | VT8: 34121 | VU8: 34151 | VV8: 34182 | VW8: 34213 | VX8: 34243 | VY8: 34274 | VZ8: 34304 | WA8: Annual 1993 | WB8: 34335 | WC8: 34366 | WD8: 34394 | WE8: 34425 | WF8: 34455 | WG8: 34486 | WH8: 34516 | WI8: 34547 | WJ8: 34578 | WK8: 34608 | WL8: 34639 | WM8: 34669 | WN8: Annual 1994 | WO8: 34700 | WP8: 34731 | WQ8: 34759 | WR8: 34790 | WS8: 34820 | WT8: 34851 | WU8: 34881 | WV8: 34912 | WW8: 34943 | WX8: 34973 | WY8: 35004 | WZ8: 35034 | XA8: Annual 1995 | XB8: 35065 | XC8: 35096 | XD8: 35125 | XE8: 35156 | XF8: 35186 | XG8: 35217 | XH8: 35247 | XI8: 35278 | XJ8: 35309 | XK8: 35339 | XL8: 35370 | XM8: 35400 | XN8: Annual 1996 | XO8: 35431 | XP8: 35462 | XQ8: 35490 | XR8: 35521 | XS8: 35551 | XT8: 35582 | XU8: 35612 | XV8: 35643 | XW8: 35674 | XX8: 35704 | XY8: 35735 | XZ8: 35765 | YA8: Annual 1997 | YB8: 35796 | YC8: 35827 | YD8: 35855 | YE8: 35886 | YF8: 35916 | YG8: 35947 | YH8: 35977 | YI8: 36008 | YJ8: 36039 | YK8: 36069 | YL8: 36100 | YM8: 36130 | YN8: Annual 1998 | YO8: 36161 | YP8: 36192 | YQ8: 36220 | YR8: 36251 | YS8: 36281 | YT8: 36312 | YU8: 36342 | YV8: 36373 | YW8: 36404 | YX8: 36434 | YY8: 36465 | YZ8: 36495 | ZA8: Annual 1999 | ZB8: 36526 | ZC8: 36557 | ZD8: 36586 | ZE8: 36617 | ZF8: 36647 | ZG8: 36678 | ZH8: 36708 | ZI8: 36739 | ZJ8: 36770 | ZK8: 36800 | ZL8: 36831 | ZM8: 36861 | ZN8: Annual 2000 | ZO8: 36892 | ZP8: 36923 | ZQ8: 36951 | ZR8: 36982 | ZS8: 37012 | ZT8: 37043 | ZU8: 37073 | ZV8: 37104 | ZW8: 37135 | ZX8: 37165 | ZY8: 37196 | ZZ8: 37226 | AAA8: Annual 2001 | AAB8: 37257 | AAC8: 37288 | AAD8: 37316 | AAE8: 37347 | AAF8: 37377 | AAG8: 37408 | AAH8: 37438 | AAI8: 37469 | AAJ8: 37500 | AAK8: 37530 | AAL8: 37561 | AAM8: 37591 | AAN8: Annual 2002 | AAO8: 37622 | AAP8: 37653 | AAQ8: 37681 | AAR8: 37712 | AAS8: 37742 | AAT8: 37773 | AAU8: 37803 | AAV8: 37834 | AAW8: 37865 | AAX8: 37895 | AAY8: 37926 | AAZ8: 37956 | ABA8: Annual 2003 | ABB8: 37987 | ABC8: 38018 | ABD8: 38047 | ABE8: 38078 | ABF8: 38108 | ABG8: 38139 | ABH8: 38169 | ABI8: 38200 | ABJ8: 38231 | ABK8: 38261 | ABL8: 38292 | ABM8: 38322 | ABN8: Annual 2004 | ABO8: 38353 | ABP8: 38384 | ABQ8: 38412 | ABR8: 38443 | ABS8: 38473 | ABT8: 38504 | ABU8: 38534 | ABV8: 38565 | ABW8: 38596 | ABX8: 38626 | ABY8: 38657 | ABZ8: 38687 | ACA8: Annual 2005 | ACB8: 38718 | ACC8: 38749 | ACD8: 38777 | ACE8: 38808 | ACF8: 38838 | ACG8: 38869 | ACH8: 38899 | ACI8: 38930 | ACJ8: 38961 | ACK8: 38991 | ACL8: 39022 | ACM8: 39052 | ACN8: Annual 2006 | ACO8: 39083 | ACP8: 39114 | ACQ8: 39142 | ACR8: 39173 | ACS8: 39203 | ACT8: 39234 | ACU8: 39264 | ACV8: 39295 | ACW8: 39326 | ACX8: 39356 | ACY8: 39387 | ACZ8: 39417 | ADA8: Annual 2007 | ADB8: 39448 | ADC8: 39479 | ADD8: 39508 | ADE8: 39539 | ADF8: 39569 | ADG8: 39600 | ADH8: 39630 | ADI8: 39661 | ADJ8: 39692 | ADK8: 39722 | ADL8: 39753 | ADM8: 39783 | ADN8: Annual 2008 | ADO8: 39814 | ADP8: 39845 | ADQ8: 39873 | ADR8: 39904 | ADS8: 39934 | ADT8: 39965 | ADU8: 39995 | ADV8: 40026 | ADW8: 40057 | ADX8: 40087 | ADY8: 40118 | ADZ8: 40148 | AEA8: Annual 2009 | AEB8: 40179 | AEC8: 40210 | AED8: 40238 | AEE8: 40269 | AEF8: 40299 | AEG8: 40330 | AEH8: 40360 | AEI8: 40391 | AEJ8: 40422 | AEK8: 40452 | AEL8: 40483 | AEM8: 40513 | AEN8: Annual 2010 | AEO8: 40544 | AEP8: 40575 | AEQ8: 40603 | AER8: 40634 | AES8: 40664 | AET8: 40695 | AEU8: 40725 | AEV8: 40756 | AEW8: 40787 | AEX8: 40817 | AEY8: 40848 | AEZ8: 40878 | AFA8: Annual 2011 | AFB8: 40909 | AFC8: 40940 | AFD8: 40969 | AFE8: 41000 | AFF8: 41030 | AFG8: 41061 | AFH8: 41091 | AFI8: 41122 | AFJ8: 41153 | AFK8: 41183 | AFL8: 41214 | AFM8: 41244 | AFN8: Annual 2012 | AFO8: 41275 | AFP8: 41306 | AFQ8: 41334 | AFR8: 41365 | AFS8: 41395 | AFT8: 41426 | AFU8: 41456 | AFV8: 41487 | AFW8: 41518 | AFX8: 41548 | AFY8: 41579 | AFZ8: 41609 | AGA8: Annual 2013
A9: LNS12000000 | B9: 58061 | C9: 58196 | D9: 57671 | E9: 58291 | F9: 57854 | G9: 58743 | H9: 58968 | I9: 58456 | J9: 58513 | K9: 58387 | L9: 58417 | M9: 58740 | O9: 58175 | P9: 58208 | Q9: 58043 | R9: 57747 | S9: 57552 | T9: 57172 | U9: 57190 | V9: 57397 | W9: 57584 | X9: 57269 | Y9: 58009 | Z9: 57845 | AB9: 57635 | AC9: 57751 | AD9: 57728 | AE9: 58583 | AF9: 58649 | AG9: 59052 | AH9: 59001 | AI9: 59797 | AJ9: 59575 | AK9: 59803 | AL9: 59697 | AM9: 59429 | AO9: 59636 | AP9: 59661 | AQ9: 60401 | AR9: 59889 | AS9: 60188 | AT9: 59620 | AU9: 60156 | AV9: 59994 | AW9: 59713 | AX9: 60010 | AY9: 59836 | AZ9: 60497 | BB9: 60460 | BC9: 60462 | BD9: 59908 | BE9: 59909 | BF9: 60195 | BG9: 60219 | BH9: 59971 | BI9: 59790 | BJ9: 60521 | BK9: 60132 | BL9: 60748 | BM9: 60954 | BO9: 61600 | BP9: 61884 | BQ9: 62010 | BR9: 61444 | BS9: 61019 | BT9: 61456 | BU9: 61397 | BV9: 61151 | BW9: 60906 | BX9: 60893 | BY9: 60738 | BZ9: 59977 | CB9: 60024 | CC9: 60663 | CD9: 60186 | CE9: 60185 | CF9: 59908 | CG9: 59792 | CH9: 59643 | CI9: 59853 | CJ9: 60282 | CK9: 60270 | CL9: 60357 | CM9: 60116 | CO9: 60753 | CP9: 60727 | CQ9: 60964 | CR9: 61515 | CS9: 61634 | CT9: 61781 | CU9: 62513 | CV9: 62797 | CW9: 62950 | CX9: 62991 | CY9: 63257 | CZ9: 63684 | DB9: 63753 | DC9: 63518 | DD9: 63411 | DE9: 63614 | DF9: 63861 | DG9: 63820 | DH9: 63800 | DI9: 63972 | DJ9: 64079 | DK9: 63975 | DL9: 63796 | DM9: 63910 | DO9: 63632 | DP9: 64257 | DQ9: 64404 | DR9: 64047 | DS9: 63985 | DT9: 64196 | DU9: 64540 | DV9: 63959 | DW9: 64121 | DX9: 64046 | DY9: 63669 | DZ9: 63922 | EB9: 63220 | EC9: 62898 | ED9: 62731 | EE9: 62631 | EF9: 62874 | EG9: 62730 | EH9: 62745 | EI9: 63012 | EJ9: 63181 | EK9: 63475 | EL9: 63470 | EM9: 63549 | EO9: 63868 | EP9: 63684 | EQ9: 64267 | ER9: 64768 | ES9: 64699 | ET9: 64849 | EU9: 65011 | EV9: 64844 | EW9: 64770 | EX9: 64911 | EY9: 64530 | EZ9: 65341 | FB9: 65347 | FC9: 65620 | FD9: 64673 | FE9: 65959 | FF9: 66057 | FG9: 66168 | FH9: 65909 | FI9: 65895 | FJ9: 66267 | FK9: 65632 | FL9: 66109 | FM9: 65778 | FO9: 65776 | FP9: 65588 | FQ9: 65850 | FR9: 65374 | FS9: 65449 | FT9: 65993 | FU9: 65608 | FV9: 65852 | FW9: 65541 | FX9: 65919 | FY9: 66081 | FZ9: 65900 | GB9: 66108 | GC9: 66538 | GD9: 66493 | GE9: 66372 | GF9: 66688 | GG9: 66670 | GH9: 66483 | GI9: 66968 | GJ9: 67192 | GK9: 67114 | GL9: 66847 | GM9: 66947 | GO9: 67072 | GP9: 67024 | GQ9: 67351 | GR9: 67642 | GS9: 67615 | GT9: 67649 | GU9: 67905 | GV9: 67908 | GW9: 68174 | GX9: 68294 | GY9: 68267 | GZ9: 68213 | HB9: 68327 | HC9: 68751 | HD9: 68763 | HE9: 69356 | HF9: 69631 | HG9: 69218 | HH9: 69399 | HI9: 69463 | HJ9: 69578 | HK9: 69582 | HL9: 69735 | HM9: 69814 | HO9: 69997 | HP9: 70127 | HQ9: 70439 | HR9: 70633 | HS9: 71034 | HT9: 71025 | HU9: 71460 | HV9: 71362 | HW9: 71286 | HX9: 71695 | HY9: 71724 | HZ9: 72062 | IB9: 72198 | IC9: 72134 | ID9: 72188 | IE9: 72510 | IF9: 72497 | IG9: 72775 | IH9: 72860 | II9: 73146 | IJ9: 73258 | IK9: 73401 | IL9: 73840 | IM9: 73729 | IO9: 73671 | IP9: 73606 | IQ9: 73439 | IR9: 73882 | IS9: 73844 | IT9: 74278 | IU9: 74520 | IV9: 74767 | IW9: 74854 | IX9: 75051 | IY9: 75125 | IZ9: 75473 | JB9: 74700 | JC9: 75229 | JD9: 75379 | JE9: 75561 | JF9: 76107 | JG9: 76182 | JH9: 76087 | JI9: 76043 | JJ9: 76172 | JK9: 76224 | JL9: 76494 | JM9: 76778 | JO9: 76805 | JP9: 77327 | JQ9: 77367 | JR9: 77523 | JS9: 77412 | JT9: 77880 | JU9: 77959 | JV9: 78250 | JW9: 78250 | JX9: 78445 | JY9: 78541 | JZ9: 78740 | KB9: 78780 | KC9: 78698 | KD9: 78863 | KE9: 78930 | KF9: 78564 | KG9: 78413 | KH9: 78726 | KI9: 78624 | KJ9: 78498 | KK9: 78685 | KL9: 78650 | KM9: 78594 | KO9: 78864 | KP9: 78700 | KQ9: 78588 | KR9: 78987 | KS9: 79139 | KT9: 78757 | KU9: 79305 | KV9: 79539 | KW9: 79689 | KX9: 79918 | KY9: 80297 | KZ9: 80471 | LB9: 80959 | LC9: 81108 | LD9: 81573 | LE9: 81655 | LF9: 81887 | LG9: 82083 | LH9: 82230 | LI9: 82578 | LJ9: 82543 | LK9: 82616 | LL9: 82990 | LM9: 83400 | LO9: 83161 | LP9: 83912 | LQ9: 84452 | LR9: 84559 | LS9: 84648 | LT9: 85185 | LU9: 85299 | LV9: 85204 | LW9: 85488 | LX9: 85987 | LY9: 86320 | LZ9: 86401 | MB9: 86555 | MC9: 86754 | MD9: 86819 | ME9: 86669 | MF9: 86891 | MG9: 86941 | MH9: 87149 | MI9: 87037 | MJ9: 87051 | MK9: 86995 | ML9: 86626 | MM9: 86144 | MO9: 85627 | MP9: 85256 | MQ9: 85187 | MR9: 85189 | MS9: 85451 | MT9: 85355 | MU9: 85894 | MV9: 86234 | MW9: 86279 | MX9: 86370 | MY9: 86456 | MZ9: 86665 | NB9: 87400 | NC9: 87672 | ND9: 87985 | NE9: 88416 | NF9: 88794 | NG9: 88563 | NH9: 89093 | NI9: 89223 | NJ9: 89173 | NK9: 89274 | NL9: 89634 | NM9: 89803 | NO9: 89928 | NP9: 90342 | NQ9: 90808 | NR9: 91271 | NS9: 91754 | NT9: 91959 | NU9: 92084 | NV9: 92441 | NW9: 92702 | NX9: 93052 | NY9: 93761 | NZ9: 94105 | OB9: 94384 | OC9: 94519 | OD9: 94755 | OE9: 95394 | OF9: 95769 | OG9: 96343 | OH9: 96090 | OI9: 96431 | OJ9: 96670 | OK9: 97133 | OL9: 97485 | OM9: 97581 | OO9: 97948 | OP9: 98329 | OQ9: 98480 | OR9: 98103 | OS9: 98331 | OT9: 98679 | OU9: 99006 | OV9: 98776 | OW9: 99340 | OX9: 99404 | OY9: 99574 | OZ9: 99933 | PB9: 99879 | PC9: 99995 | PD9: 99713 | PE9: 99233 | PF9: 98945 | PG9: 98682 | PH9: 98796 | PI9: 98824 | PJ9: 99077 | PK9: 99317 | PL9: 99545 | PM9: 99634 | PO9: 99955 | PP9: 100191 | PQ9: 100571 | PR9: 101056 | PS9: 101048 | PT9: 100298 | PU9: 100693 | PV9: 100689 | PW9: 100064 | PX9: 100378 | PY9: 100207 | PZ9: 99645 | QB9: 99692 | QC9: 99762 | QD9: 99672 | QE9: 99576 | QF9: 100116 | QG9: 99543 | QH9: 99493 | QI9: 99633 | QJ9: 99504 | QK9: 99215 | QL9: 99112 | QM9: 99032 | QO9: 99161 | QP9: 99089 | QQ9: 99179 | QR9: 99560 | QS9: 99642 | QT9: 100633 | QU9: 101208 | QV9: 101608 | QW9: 102016 | QX9: 102039 | QY9: 102729 | QZ9: 102996 | RB9: 103201 | RC9: 103824 | RD9: 103967 | RE9: 104336 | RF9: 105193 | RG9: 105591 | RH9: 105435 | RI9: 105163 | RJ9: 105490 | RK9: 105638 | RL9: 105972 | RM9: 106223 | RO9: 106302 | RP9: 106555 | RQ9: 106989 | RR9: 106936 | RS9: 106932 | RT9: 106505 | RU9: 106807 | RV9: 107095 | RW9: 107657 | RX9: 107847 | RY9: 108007 | RZ9: 108216 | SB9: 108887 | SC9: 108480 | SD9: 108837 | SE9: 108952 | SF9: 109089 | SG9: 109576 | SH9: 109810 | SI9: 110015 | SJ9: 110085 | SK9: 110273 | SL9: 110475 | SM9: 110728 | SO9: 110953 | SP9: 111257 | SQ9: 111408 | SR9: 111794 | SS9: 112434 | ST9: 112246 | SU9: 112634 | SV9: 113057 | SW9: 112909 | SX9: 113282 | SY9: 113505 | SZ9: 113793 | TB9: 114016 | TC9: 114227 | TD9: 114037 | TE9: 114650 | TF9: 114292 | TG9: 114927 | TH9: 115060 | TI9: 115282 | TJ9: 115356 | TK9: 115638 | TL9: 116100 | TM9: 116104 | TO9: 116708 | TP9: 116776 | TQ9: 117022 | TR9: 117097 | TS9: 117099 | TT9: 117418 | TU9: 117472 | TV9: 117655 | TW9: 117354 | TX9: 117581 | TY9: 117912 | TZ9: 117830 | UB9: 119081 | UC9: 119059 | UD9: 119203 | UE9: 118852 | UF9: 119151 | UG9: 118983 | UH9: 118810 | UI9: 118802 | UJ9: 118524 | UK9: 118536 | UL9: 118306 | UM9: 118241 | UO9: 117940 | UP9: 117755 | UQ9: 117652 | UR9: 118109 | US9: 117440 | UT9: 117639 | UU9: 117568 | UV9: 117484 | UW9: 117928 | UX9: 117800 | UY9: 117770 | UZ9: 117466 | VB9: 117978 | VC9: 117753 | VD9: 118144 | VE9: 118426 | VF9: 118375 | VG9: 118419 | VH9: 118713 | VI9: 118826 | VJ9: 118720 | VK9: 118628 | VL9: 118876 | VM9: 118997 | VO9: 119075 | VP9: 119275 | VQ9: 119542 | VR9: 119474 | VS9: 120115 | VT9: 120290 | VU9: 120467 | VV9: 120856 | VW9: 120554 | VX9: 120823 | VY9: 121169 | VZ9: 121464 | WB9: 121966 | WC9: 122086 | WD9: 121930 | WE9: 122290 | WF9: 122864 | WG9: 122634 | WH9: 122706 | WI9: 123342 | WJ9: 123687 | WK9: 124112 | WL9: 124516 | WM9: 124721 | WO9: 124663 | WP9: 124928 | WQ9: 124955 | WR9: 124945 | WS9: 124421 | WT9: 124522 | WU9: 124816 | WV9: 124852 | WW9: 125133 | WX9: 125388 | WY9: 125188 | WZ9: 125088 | XB9: 125125 | XC9: 125639 | XD9: 125862 | XE9: 125994 | XF9: 126244 | XG9: 126602 | XH9: 126947 | XI9: 127172 | XJ9: 127536 | XK9: 127890 | XL9: 127771 | XM9: 127860 | XO9: 128298 | XP9: 128298 | XQ9: 128891 | XR9: 129143 | XS9: 129464 | XT9: 129412 | XU9: 129822 | XV9: 130010 | XW9: 130019 | XX9: 130179 | XY9: 130653 | XZ9: 130679 | YB9: 130726 | YC9: 130807 | YD9: 130814 | YE9: 131209 | YF9: 131325 | YG9: 131244 | YH9: 131329 | YI9: 131390 | YJ9: 131986 | YK9: 131999 | YL9: 132280 | YM9: 132602 | YO9: 133027 | YP9: 132856 | YQ9: 132947 | YR9: 132955 | YS9: 133311 | YT9: 133378 | YU9: 133414 | YV9: 133591 | YW9: 133707 | YX9: 133993 | YY9: 134309 | YZ9: 134523 | ZB9: 136559(1) | ZC9: 136598 | ZD9: 136701 | ZE9: 137270 | ZF9: 136630 | ZG9: 136940 | ZH9: 136531 | ZI9: 136662 | ZJ9: 136893 | ZK9: 137088 | ZL9: 137322 | ZM9: 137614 | ZO9: 137778 | ZP9: 137612 | ZQ9: 137783 | ZR9: 137299 | ZS9: 137092 | ZT9: 136873 | ZU9: 137071 | ZV9: 136241 | ZW9: 136846 | ZX9: 136392 | ZY9: 136238 | ZZ9: 136047 | AAB9: 135701 | AAC9: 136438 | AAD9: 136177 | AAE9: 136126 | AAF9: 136539 | AAG9: 136415 | AAH9: 136413 | AAI9: 136705 | AAJ9: 137302 | AAK9: 137008 | AAL9: 136521 | AAM9: 136426 | AAO9: 137417(1) | AAP9: 137482 | AAQ9: 137434 | AAR9: 137633 | AAS9: 137544 | AAT9: 137790 | AAU9: 137474 | AAV9: 137549 | AAW9: 137609 | AAX9: 137984 | AAY9: 138424 | AAZ9: 138411 | ABB9: 138472(1) | ABC9: 138542 | ABD9: 138453 | ABE9: 138680 | ABF9: 138852 | ABG9: 139174 | ABH9: 139556 | ABI9: 139573 | ABJ9: 139487 | ABK9: 139732 | ABL9: 140231 | ABM9: 140125 | ABO9: 140245(1) | ABP9: 140385 | ABQ9: 140654 | ABR9: 141254 | ABS9: 141609 | ABT9: 141714 | ABU9: 142026 | ABV9: 142434 | ABW9: 142401 | ABX9: 142548 | ABY9: 142499 | ABZ9: 142752 | ACB9: 143150(1) | ACC9: 143457 | ACD9: 143741 | ACE9: 143761 | ACF9: 144089 | ACG9: 144353 | ACH9: 144202 | ACI9: 144625 | ACJ9: 144815 | ACK9: 145314 | ACL9: 145534 | ACM9: 145970 | ACO9: 146028(1) | ACP9: 146057 | ACQ9: 146320 | ACR9: 145586 | ACS9: 145903 | ACT9: 146063 | ACU9: 145905 | ACV9: 145682 | ACW9: 146244 | ACX9: 145946 | ACY9: 146595 | ACZ9: 146273 | ADB9: 146378(1) | ADC9: 146156 | ADD9: 146086 | ADE9: 146132 | ADF9: 145908 | ADG9: 145737 | ADH9: 145532 | ADI9: 145203 | ADJ9: 145076 | ADK9: 144802 | ADL9: 144100 | ADM9: 143369 | ADO9: 142153(1) | ADP9: 141644 | ADQ9: 140721 | ADR9: 140652 | ADS9: 140250 | ADT9: 140005 | ADU9: 139898 | ADV9: 139481 | ADW9: 138810 | ADX9: 138421 | ADY9: 138665 | ADZ9: 138025 | AEB9: 138439(1) | AEC9: 138624 | AED9: 138767 | AEE9: 139296 | AEF9: 139255 | AEG9: 139148 | AEH9: 139167 | AEI9: 139405 | AEJ9: 139388 | AEK9: 139097 | AEL9: 139046 | AEM9: 139295 | AEO9: 139253(1) | AEP9: 139471 | AEQ9: 139643 | AER9: 139606 | AES9: 139681 | AET9: 139405 | AEU9: 139509 | AEV9: 139870 | AEW9: 140164 | AEX9: 140314 | AEY9: 140771 | AEZ9: 140896 | AFB9: 141608(1) | AFC9: 142019 | AFD9: 142020 | AFE9: 141934 | AFF9: 142302 | AFG9: 142448 | AFH9: 142250 | AFI9: 142164 | AFJ9: 142974 | AFK9: 143328 | AFL9: 143277 | AFM9: 143305 | AFO9: 143322(1) | AFP9: 143492 | AFQ9: 143286 | AFR9: 143579 | AFS9: 143898 | AFT9: 144058 | AFU9: 144285 | AFV9: 144170 | AFW9: 144303
A10: LNS17000000 | UC10: 113650 | UD10: 113910 | UE10: 113817 | UF10: 114028 | UG10: 113970 | UH10: 113702 | UI10: 113809 | UJ10: 113676 | UK10: 113367 | UL10: 113166 | UM10: 113229 | UO10: 113007 | UP10: 112786 | UQ10: 112522 | UR10: 112720 | US10: 112657 | UT10: 112342 | UU10: 112517 | UV10: 112404 | UW10: 112548 | UX10: 112804 | UY10: 112846 | UZ10: 112766 | VB10: 112354 | VC10: 112941 | VD10: 113012 | VE10: 113342 | VF10: 113225 | VG10: 113310 | VH10: 113440 | VI10: 113661 | VJ10: 113569 | VK10: 113468 | VL10: 113572 | VM10: 113726 | VO10: 113968 | VP10: 113917 | VQ10: 114269 | VR10: 114401 | VS10: 114531 | VT10: 115236 | VU10: 115319 | VV10: 115536 | VW10: 115549 | VX10: 115671 | VY10: 115909 | VZ10: 116040 | WB10: 116484 | WC10: 116518 | WD10: 116623 | WE10: 116882 | WF10: 117303 | WG10: 117629 | WH10: 117389 | WI10: 117700 | WJ10: 118344 | WK10: 118833 | WL10: 119002 | WM10: 119098 | WO10: 119303 | WP10: 119850 | WQ10: 119777 | WR10: 119671 | WS10: 119596 | WT10: 119107 | WU10: 119431 | WV10: 119491 | WW10: 119646 | WX10: 119880 | WY10: 120119 | WZ10: 120269 | XB10: 120022 | XC10: 120194 | XD10: 120616 | XE10: 120930 | XF10: 120990 | XG10: 121245 | XH10: 121504 | XI10: 121885 | XJ10: 122245 | XK10: 122621 | XL10: 122794 | XM10: 123041 | XO10: 122620 | XP10: 123094 | XQ10: 123292 | XR10: 123816 | XS10: 124156 | XT10: 124226 | XU10: 124551 | XV10: 124942 | XW10: 124955 | XX10: 125004 | XY10: 125254 | XZ10: 125186 | YB10: 125499 | YC10: 125579 | YD10: 125574 | YE10: 125746 | YF10: 126116 | YG10: 126025 | YH10: 125954 | YI10: 125738 | YJ10: 126022 | YK10: 126522 | YL10: 126659 | YM10: 126880 | YO10: 127216 | YP10: 127525 | YQ10: 127503 | YR10: 127485 | YS10: 127556 | YT10: 127897 | YU10: 127876 | YV10: 127976 | YW10: 128243 | YX10: 128418 | YY10: 128693 | YZ10: 128956 | ZB10: 129298 | ZC10: 131110 | ZD10: 131134 | ZE10: 131601 | ZF10: 131570 | ZG10: 131306 | ZH10: 131248 | ZI10: 131097 | ZJ10: 131097 | ZK10: 131395 | ZL10: 131664 | ZM10: 132007 | ZO10: 131941 | ZP10: 131858 | ZQ10: 131973 | ZR10: 131739 | ZS10: 131305 | ZT10: 131227 | ZU10: 130991 | ZV10: 130580 | ZW10: 130558 | ZX10: 130909 | ZY10: 130534 | ZZ10: 130347 | AAB10: 129970 | AAC10: 130289 | AAD10: 130541 | AAE10: 130344 | AAF10: 130487 | AAG10: 130541 | AAH10: 130737 | AAI10: 130755 | AAJ10: 131393 | AAK10: 131300 | AAL10: 130895 | AAM10: 130887 | AAO10: 130692 | AAP10: 131799 | AAQ10: 131711 | AAR10: 131826 | AAS10: 131944 | AAT10: 131772 | AAU10: 131796 | AAV10: 131630 | AAW10: 131702 | AAX10: 132061 | AAY10: 132308 | AAZ10: 132489 | ABB10: 132603 | ABC10: 132898 | ABD10: 132753 | ABE10: 132799 | ABF10: 132961 | ABG10: 133433 | ABH10: 133431 | ABI10: 133730 | ABJ10: 133638 | ABK10: 133561 | ABL10: 134094 | ABM10: 134242 | ABO10: 134291 | ABP10: 134480 | ABQ10: 134785 | ABR10: 135077 | ABS10: 135600 | ABT10: 135897 | ABU10: 135916 | ABV10: 136360 | ABW10: 136621 | ABX10: 136599 | ABY10: 136768 | ABZ10: 136650 | ACB10: 137122 | ACC10: 137643 | ACD10: 137695 | ACE10: 137608 | ACF10: 137853 | ACG10: 138172 | ACH10: 138186 | ACI10: 138364 | ACJ10: 138687 | ACK10: 139140 | ACL10: 139289 | ACM10: 139554 | ACO10: 139748 | ACP10: 139839 | ACQ10: 140142 | ACR10: 140032 | ACS10: 139889 | ACT10: 140072 | ACU10: 140199 | ACV10: 139756 | ACW10: 140179 | ACX10: 140126 | ACY10: 140427 | ACZ10: 140546 | ADB10: 140343 | ADC10: 140482 | ADD10: 140171 | ADE10: 140262 | ADF10: 140237 | ADG10: 139857 | ADH10: 139696 | ADI10: 139465 | ADJ10: 139097 | ADK10: 139089 | ADL10: 138406 | ADM10: 137761 | ADO10: 136270 | ADP10: 135729 | ADQ10: 135187 | ADR10: 134538 | ADS10: 134507 | ADT10: 134041 | ADU10: 133928 | ADV10: 133544 | ADW10: 133000 | ADX10: 132679 | ADY10: 132706 | ADZ10: 132405 | AEB10: 132169 | AEC10: 132517 | AED10: 132543 | AEE10: 132985 | AEF10: 133096 | AEG10: 133448 | AEH10: 133191 | AEI10: 133200 | AEJ10: 133602 | AEK10: 133137 | AEL10: 132916 | AEM10: 133123 | AEO10: 133221 | AEP10: 133533 | AEQ10: 133769 | AER10: 133768 | AES10: 133626 | AET10: 133627 | AEU10: 133401 | AEV10: 133901 | AEW10: 133978 | AEX10: 134231 | AEY10: 134584 | AEZ10: 134779 | AFB10: 134862 | AFC10: 136101 | AFD10: 136131 | AFE10: 136027 | AFF10: 136289 | AFG10: 136461 | AFH10: 136308 | AFI10: 136017 | AFJ10: 136776 | AFK10: 137261 | AFL10: 137457 | AFM10: 137376 | AFO10: 137431 | AFP10: 137400 | AFQ10: 137362 | AFR10: 137312 | AFS10: 137769 | AFT10: 137757 | AFU10: 138155 | AFV10: 138185 | AFW10: 138304
A11: LNS17100000 | UC11: 2152 | UD11: 1964 | UE11: 1801 | UF11: 1931 | UG11: 1945 | UH11: 1818 | UI11: 1940 | UJ11: 1764 | UK11: 2029 | UL11: 1975 | UM11: 1963 | UO11: 2016 | UP11: 2043 | UQ11: 2091 | UR11: 2341 | US11: 1979 | UT11: 2199 | UU11: 2057 | UV11: 2148 | UW11: 2247 | UX11: 2110 | UY11: 2123 | UZ11: 1936 | VB11: 2425 | VC11: 2044 | VD11: 2117 | VE11: 2181 | VF11: 2161 | VG11: 2217 | VH11: 2301 | VI11: 2188 | VJ11: 2241 | VK11: 2264 | VL11: 2252 | VM11: 2247 | VO11: 2180 | VP11: 2102 | VQ11: 2181 | VR11: 2139 | VS11: 2217 | VT11: 2119 | VU11: 2243 | VV11: 2109 | VW11: 2023 | VX11: 2115 | VY11: 2163 | VZ11: 2212 | WB11: 2171 | WC11: 2208 | WD11: 2194 | WE11: 2199 | WF11: 2249 | WG11: 2039 | WH11: 2141 | WI11: 2212 | WJ11: 2166 | WK11: 2013 | WL11: 2111 | WM11: 2235 | WO11: 2062 | WP11: 2085 | WQ11: 2044 | WR11: 2009 | WS11: 2035 | WT11: 2075 | WU11: 2060 | WV11: 2182 | WW11: 2062 | WX11: 2158 | WY11: 1969 | WZ11: 1899 | XB11: 2035 | XC11: 2044 | XD11: 2022 | XE11: 1963 | XF11: 1994 | XG11: 2039 | XH11: 2007 | XI11: 2123 | XJ11: 1976 | XK11: 2034 | XL11: 1947 | XM11: 1935 | XO11: 2187 | XP11: 2074 | XQ11: 2056 | XR11: 1976 | XS11: 2051 | XT11: 1990 | XU11: 2097 | XV11: 1811 | XW11: 1836 | XX11: 1953 | XY11: 1900 | XZ11: 1997 | YB11: 1896 | YC11: 1954 | YD11: 1876 | YE11: 2060 | YF11: 1759 | YG11: 1892 | YH11: 1883 | YI11: 1941 | YJ11: 1942 | YK11: 1918 | YL11: 1941 | YM11: 1882 | YO11: 1864 | YP11: 1873 | YQ11: 2039 | YR11: 1658 | YS11: 1867 | YT11: 1827 | YU11: 1848 | YV11: 1944 | YW11: 1871 | YX11: 1827 | YY11: 1993 | YZ11: 1944 | ZB11: 2005 | ZC11: 1784 | ZD11: 1893 | ZE11: 1940 | ZF11: 1660 | ZG11: 1850 | ZH11: 1887 | ZI11: 1831 | ZJ11: 1875 | ZK11: 1885 | ZL11: 1709 | ZM11: 1699 | ZO11: 1784 | ZP11: 1831 | ZQ11: 1892 | ZR11: 1859 | ZS11: 2034 | ZT11: 1910 | ZU11: 1956 | ZV11: 1914 | ZW11: 2045 | ZX11: 1933 | ZY11: 2121 | ZZ11: 2109 | AAB11: 2109 | AAC11: 2332 | AAD11: 2195 | AAE11: 2085 | AAF11: 2130 | AAG11: 1997 | AAH11: 2022 | AAI11: 2184 | AAJ11: 2178 | AAK11: 2041 | AAL11: 1959 | AAM11: 1977 | AAO11: 2176 | AAP11: 1966 | AAQ11: 1998 | AAR11: 2086 | AAS11: 2048 | AAT11: 2114 | AAU11: 2127 | AAV11: 2127 | AAW11: 2051 | AAX11: 2064 | AAY11: 2120 | AAZ11: 2247 | ABB11: 2058 | ABC11: 1984 | ABD11: 1925 | ABE11: 2147 | ABF11: 2088 | ABG11: 2032 | ABH11: 2151 | ABI11: 1996 | ABJ11: 2138 | ABK11: 2132 | ABL11: 2154 | ABM11: 2080 | ABO11: 2040 | ABP11: 2052 | ABQ11: 2060 | ABR11: 2060 | ABS11: 1979 | ABT11: 1978 | ABU11: 1944 | ABV11: 2119 | ABW11: 1852 | ABX11: 1954 | ABY11: 2052 | ABZ11: 1968 | ACB11: 2033 | ACC11: 1824 | ACD11: 1952 | ACE11: 1977 | ACF11: 1997 | ACG11: 2022 | ACH11: 2012 | ACI11: 2075 | ACJ11: 2081 | ACK11: 1881 | ACL11: 1932 | ACM11: 2077 | ACO11: 1945 | ACP11: 2125 | ACQ11: 2088 | ACR11: 1851 | ACS11: 1981 | ACT11: 1753 | ACU11: 1900 | ACV11: 1975 | ACW11: 1910 | ACX11: 1907 | ACY11: 1956 | ACZ11: 1951 | ADB11: 2034 | ADC11: 1965 | ADD11: 1996 | ADE11: 2122 | ADF11: 1900 | ADG11: 2016 | ADH11: 2052 | ADI11: 2087 | ADJ11: 2293 | ADK11: 2139 | ADL11: 2098 | ADM11: 2080 | ADO11: 2235 | ADP11: 2299 | ADQ11: 2212 | ADR11: 2496 | ADS11: 2251 | ADT11: 2622 | ADU11: 2577 | ADV11: 2399 | ADW11: 2581 | ADX11: 2314 | ADY11: 2585 | ADZ11: 2354 | AEB11: 2534 | AEC11: 2487 | AED11: 2600 | AEE11: 2755 | AEF11: 2676 | AEG11: 2391 | AEH11: 2505 | AEI11: 2468 | AEJ11: 2358 | AEK11: 2440 | AEL11: 2444 | AEM11: 2613 | AEO11: 2393 | AEP11: 2320 | AEQ11: 2344 | AER11: 2256 | AES11: 2360 | AET11: 2422 | AEU11: 2375 | AEV11: 2400 | AEW11: 2396 | AEX11: 2448 | AEY11: 2483 | AEZ11: 2503 | AFB11: 2407 | AFC11: 2355 | AFD11: 2324 | AFE11: 2271 | AFF11: 2263 | AFG11: 2284 | AFH11: 2280 | AFI11: 2291 | AFJ11: 2392 | AFK11: 2253 | AFL11: 2157 | AFM11: 2175 | AFO11: 2249 | AFP11: 2311 | AFQ11: 2153 | AFR11: 2260 | AFS11: 2251 | AFT11: 2330 | AFU11: 2337 | AFV11: 2243 | AFW11: 2137
A12: LNS17200000 | UC12: 3204 | UD12: 3244 | UE12: 3148 | UF12: 3119 | UG12: 2986 | UH12: 3193 | UI12: 2961 | UJ12: 2975 | UK12: 3032 | UL12: 3092 | UM12: 2962 | UO12: 2836 | UP12: 2857 | UQ12: 2982 | UR12: 2972 | US12: 2736 | UT12: 2993 | UU12: 2891 | UV12: 2868 | UW12: 3047 | UX12: 2806 | UY12: 2722 | UZ12: 2661 | VB12: 3133 | VC12: 2708 | VD12: 2921 | VE12: 2836 | VF12: 2912 | VG12: 2800 | VH12: 2933 | VI12: 2848 | VJ12: 2767 | VK12: 2814 | VL12: 2964 | VM12: 2880 | VO12: 2870 | VP12: 3167 | VQ12: 2989 | VR12: 2871 | VS12: 3271 | VT12: 2842 | VU12: 2825 | VV12: 3099 | VW12: 2891 | VX12: 2971 | VY12: 3011 | VZ12: 3093 | WB12: 3228 | WC12: 3260 | WD12: 3012 | WE12: 3102 | WF12: 3179 | WG12: 2855 | WH12: 3061 | WI12: 3308 | WJ12: 3071 | WK12: 3125 | WL12: 3274 | WM12: 3262 | WO12: 3214 | WP12: 2919 | WQ12: 3043 | WR12: 3150 | WS12: 2675 | WT12: 3215 | WU12: 3211 | WV12: 3039 | WW12: 3297 | WX12: 3215 | WY12: 3012 | WZ12: 2777 | XB12: 2989 | XC12: 3329 | XD12: 3111 | XE12: 2996 | XF12: 3131 | XG12: 3194 | XH12: 3310 | XI12: 3063 | XJ12: 3149 | XK12: 3080 | XL12: 2923 | XM12: 2741 | XO12: 3094 | XP12: 3059 | XQ12: 3450 | XR12: 3215 | XS12: 3172 | XT12: 3075 | XU12: 3096 | XV12: 3142 | XW12: 3074 | XX12: 3113 | XY12: 3381 | XZ12: 3402 | YB12: 3226 | YC12: 3202 | YD12: 3272 | YE12: 3288 | YF12: 3331 | YG12: 3196 | YH12: 3391 | YI12: 3576 | YJ12: 3871 | YK12: 3413 | YL12: 3539 | YM12: 3683 | YO12: 3621 | YP12: 3393 | YQ12: 3349 | YR12: 3736 | YS12: 3779 | YT12: 3556 | YU12: 3610 | YV12: 3572 | YW12: 3497 | YX12: 3644 | YY12: 3547 | YZ12: 3561 | ZB12: 3629 | ZC12: 3640 | ZD12: 3585 | ZE12: 3611 | ZF12: 3265 | ZG12: 3660 | ZH12: 3276 | ZI12: 3639 | ZJ12: 3775 | ZK12: 3691 | ZL12: 3831 | ZM12: 3768 | ZO12: 3972 | ZP12: 3843 | ZQ12: 3840 | ZR12: 3594 | ZS12: 3677 | ZT12: 3655 | ZU12: 4003 | ZV12: 3663 | ZW12: 4124 | ZX12: 3416 | ZY12: 3528 | ZZ12: 3505 | AAB12: 3558 | AAC12: 3766 | AAD12: 3360 | AAE12: 3637 | AAF12: 3852 | AAG12: 3765 | AAH12: 3562 | AAI12: 3718 | AAJ12: 3611 | AAK12: 3604 | AAL12: 3620 | AAM12: 3445 | AAO12: 3902 | AAP12: 3623 | AAQ12: 3623 | AAR12: 3639 | AAS12: 3478 | AAT12: 3776 | AAU12: 3487 | AAV12: 3698 | AAW12: 3757 | AAX12: 3800 | AAY12: 3886 | AAZ12: 3584 | ABB12: 3769 | ABC12: 3549 | ABD12: 3704 | ABE12: 3656 | ABF12: 3722 | ABG12: 3630 | ABH12: 3903 | ABI12: 3713 | ABJ12: 3608 | ABK12: 3937 | ABL12: 3876 | ABM12: 3726 | ABO12: 3865 | ABP12: 3757 | ABQ12: 3741 | ABR12: 4034 | ABS12: 3943 | ABT12: 3755 | ABU12: 4062 | ABV12: 3849 | ABW12: 3845 | ABX12: 3882 | ABY12: 3625 | ABZ12: 4067 | ACB12: 3968 | ACC12: 3942 | ACD12: 4015 | ACE12: 4064 | ACF12: 4122 | ACG12: 4089 | ACH12: 3881 | ACI12: 4108 | ACJ12: 3933 | ACK12: 4163 | ACL12: 4225 | ACM12: 4295 | ACO12: 4146 | ACP12: 4044 | ACQ12: 4018 | ACR12: 3609 | ACS12: 3966 | ACT12: 4095 | ACU12: 3745 | ACV12: 3888 | ACW12: 4052 | ACX12: 3818 | ACY12: 4122 | ACZ12: 3668 | ADB12: 3964 | ADC12: 3645 | ADD12: 3830 | ADE12: 3695 | ADF12: 3715 | ADG12: 3765 | ADH12: 3733 | ADI12: 3564 | ADJ12: 3608 | ADK12: 3517 | ADL12: 3481 | ADM12: 3441 | ADO12: 3637 | ADP12: 3525 | ADQ12: 3294 | ADR12: 3571 | ADS12: 3412 | ADT12: 3281 | ADU12: 3368 | ADV12: 3425 | ADW12: 3155 | ADX12: 3360 | ADY12: 3296 | ADZ12: 3228 | AEB12: 3725 | AEC12: 3555 | AED12: 3542 | AEE12: 3489 | AEF12: 3413 | AEG12: 3281 | AEH12: 3437 | AEI12: 3638 | AEJ12: 3387 | AEK12: 3414 | AEL12: 3608 | AEM12: 3525 | AEO12: 3612 | AEP12: 3598 | AEQ12: 3481 | AER12: 3528 | AES12: 3612 | AET12: 3307 | AEU12: 3710 | AEV12: 3502 | AEW12: 3752 | AEX12: 3571 | AEY12: 3650 | AEZ12: 3516 | AFB12: 3462 | AFC12: 3544 | AFD12: 3490 | AFE12: 3565 | AFF12: 3693 | AFG12: 3634 | AFH12: 3629 | AFI12: 3802 | AFJ12: 3746 | AFK12: 3715 | AFL12: 3628 | AFM12: 3684 | AFO12: 3566 | AFP12: 3716 | AFQ12: 3724 | AFR12: 3912 | AFS12: 3806 | AFT12: 3907 | AFU12: 3774 | AFV12: 3711 | AFW12: 3790
A13: LNS17300000 | UC13: 53 | UD13: 85 | UE13: 87 | UF13: 73 | UG13: 81 | UH13: 97 | UI13: 92 | UJ13: 110 | UK13: 108 | UL13: 73 | UM13: 87 | UO13: 81 | UP13: 69 | UQ13: 56 | UR13: 76 | US13: 68 | UT13: 105 | UU13: 103 | UV13: 63 | UW13: 85 | UX13: 80 | UY13: 80 | UZ13: 103 | VB13: 66 | VC13: 60 | VD13: 94 | VE13: 68 | VF13: 77 | VG13: 93 | VH13: 39 | VI13: 129 | VJ13: 143 | VK13: 83 | VL13: 88 | VM13: 144 | VO13: 57 | VP13: 89 | VQ13: 104 | VR13: 63 | VS13: 95 | VT13: 94 | VU13: 81 | VV13: 112 | VW13: 90 | VX13: 66 | VY13: 86 | VZ13: 119 | WB13: 83 | WC13: 101 | WD13: 101 | WE13: 107 | WF13: 133 | WG13: 110 | WH13: 115 | WI13: 122 | WJ13: 107 | WK13: 142 | WL13: 129 | WM13: 126 | WO13: 84 | WP13: 74 | WQ13: 92 | WR13: 115 | WS13: 114 | WT13: 125 | WU13: 114 | WV13: 140 | WW13: 129 | WX13: 135 | WY13: 87 | WZ13: 144 | XB13: 78 | XC13: 72 | XD13: 113 | XE13: 105 | XF13: 128 | XG13: 124 | XH13: 127 | XI13: 100 | XJ13: 165 | XK13: 155 | XL13: 107 | XM13: 144 | XO13: 397 | XP13: 72 | XQ13: 92 | XR13: 136 | XS13: 86 | XT13: 121 | XU13: 78 | XV13: 115 | XW13: 154 | XX13: 110 | XY13: 118 | XZ13: 94 | YB13: 105 | YC13: 73 | YD13: 93 | YE13: 116 | YF13: 119 | YG13: 131 | YH13: 101 | YI13: 136 | YJ13: 150 | YK13: 146 | YL13: 142 | YM13: 157 | YO13: 326 | YP13: 65 | YQ13: 56 | YR13: 75 | YS13: 108 | YT13: 98 | YU13: 80 | YV13: 99 | YW13: 96 | YX13: 103 | YY13: 76 | YZ13: 63 | ZB13: 1627 | ZC13: 65 | ZD13: 89 | ZE13: 118 | ZF13: 135 | ZG13: 124 | ZH13: 121 | ZI13: 95 | ZJ13: 145 | ZK13: 117 | ZL13: 118 | ZM13: 140 | ZO13: 81 | ZP13: 79 | ZQ13: 78 | ZR13: 107 | ZS13: 76 | ZT13: 81 | ZU13: 121 | ZV13: 85 | ZW13: 119 | ZX13: 134 | ZY13: 55 | ZZ13: 85 | AAB13: 64 | AAC13: 52 | AAD13: 81 | AAE13: 61 | AAF13: 70 | AAG13: 111 | AAH13: 92 | AAI13: 48 | AAJ13: 119 | AAK13: 63 | AAL13: 47 | AAM13: 117 | AAO13: 647 | AAP13: 93 | AAQ13: 103 | AAR13: 81 | AAS13: 74 | AAT13: 128 | AAU13: 64 | AAV13: 93 | AAW13: 100 | AAX13: 59 | AAY13: 109 | AAZ13: 91 | ABB13: 42 | ABC13: 111 | ABD13: 71 | ABE13: 78 | ABF13: 81 | ABG13: 79 | ABH13: 71 | ABI13: 135 | ABJ13: 104 | ABK13: 101 | ABL13: 107 | ABM13: 77 | ABO13: 48 | ABP13: 96 | ABQ13: 67 | ABR13: 83 | ABS13: 88 | ABT13: 83 | ABU13: 104 | ABV13: 105 | ABW13: 84 | ABX13: 114 | ABY13: 54 | ABZ13: 67 | ACB13: 27 | ACC13: 48 | ACD13: 79 | ACE13: 113 | ACF13: 117 | ACG13: 69 | ACH13: 123 | ACI13: 78 | ACJ13: 114 | ACK13: 130 | ACL13: 88 | ACM13: 45 | ACO13: 189 | ACP13: 48 | ACQ13: 72 | ACR13: 93 | ACS13: 67 | ACT13: 143 | ACU13: 61 | ACV13: 64 | ACW13: 102 | ACX13: 96 | ACY13: 89 | ACZ13: 109 | ADB13: 37 | ADC13: 64 | ADD13: 88 | ADE13: 53 | ADF13: 56 | ADG13: 99 | ADH13: 50 | ADI13: 87 | ADJ13: 79 | ADK13: 58 | ADL13: 117 | ADM13: 87 | ADO13: 12 | ADP13: 91 | ADQ13: 28 | ADR13: 47 | ADS13: 80 | ADT13: 62 | ADU13: 25 | ADV13: 113 | ADW13: 75 | ADX13: 68 | ADY13: 78 | ADZ13: 38 | AEB13: 10 | AEC13: 66 | AED13: 82 | AEE13: 67 | AEF13: 69 | AEG13: 28 | AEH13: 34 | AEI13: 98 | AEJ13: 41 | AEK13: 106 | AEL13: 78 | AEM13: 33 | AEO13: 27 | AEP13: 20 | AEQ13: 48 | AER13: 53 | AES13: 82 | AET13: 49 | AEU13: 23 | AEV13: 68 | AEW13: 38 | AEX13: 64 | AEY13: 54 | AEZ13: 98 | AFB13: 877 | AFC13: 18 | AFD13: 75 | AFE13: 71 | AFF13: 58 | AFG13: 69 | AFH13: 34 | AFI13: 55 | AFJ13: 59 | AFK13: 99 | AFL13: 34 | AFM13: 69 | AFO13: 76 | AFP13: 65 | AFQ13: 47 | AFR13: 95 | AFS13: 71 | AFT13: 64 | AFU13: 19 | AFV13: 31 | AFW13: 72
A14: LNS13000000 | B14: 2034 | C14: 2328 | D14: 2399 | E14: 2386 | F14: 2118 | G14: 2214 | H14: 2213 | I14: 2350 | J14: 2302 | K14: 2259 | L14: 2285 | M14: 2429 | O14: 2596 | P14: 2849 | Q14: 3030 | R14: 3260 | S14: 3707 | T14: 3776 | U14: 4111 | V14: 4193 | W14: 4049 | X14: 4916 | Y14: 3996 | Z14: 4063 | AB14: 4026 | AC14: 3936 | AD14: 3876 | AE14: 3575 | AF14: 3434 | AG14: 3367 | AH14: 3120 | AI14: 2799 | AJ14: 2774 | AK14: 2625 | AL14: 2589 | AM14: 2639 | AO14: 2305 | AP14: 2117 | AQ14: 2125 | AR14: 1919 | AS14: 1856 | AT14: 1995 | AU14: 1950 | AV14: 1933 | AW14: 2067 | AX14: 2194 | AY14: 2178 | AZ14: 1960 | BB14: 1972 | BC14: 1957 | BD14: 1813 | BE14: 1811 | BF14: 1863 | BG14: 1884 | BH14: 1991 | BI14: 2087 | BJ14: 1936 | BK14: 1839 | BL14: 1743 | BM14: 1667 | BO14: 1839 | BP14: 1636 | BQ14: 1647 | BR14: 1723 | BS14: 1596 | BT14: 1607 | BU14: 1660 | BV14: 1665 | BW14: 1821 | BX14: 1974 | BY14: 2211 | BZ14: 2818 | CB14: 3077 | CC14: 3331 | CD14: 3607 | CE14: 3749 | CF14: 3767 | CG14: 3551 | CH14: 3659 | CI14: 3854 | CJ14: 3927 | CK14: 3666 | CL14: 3402 | CM14: 3196 | CO14: 3157 | CP14: 2969 | CQ14: 2918 | CR14: 3049 | CS14: 2747 | CT14: 2701 | CU14: 2632 | CV14: 2784 | CW14: 2678 | CX14: 2830 | CY14: 2780 | CZ14: 2761 | DB14: 2666 | DC14: 2606 | DD14: 2764 | DE14: 2650 | DF14: 2861 | DG14: 2882 | DH14: 2952 | DI14: 2701 | DJ14: 2635 | DK14: 2571 | DL14: 2861 | DM14: 2790 | DO14: 2796 | DP14: 2622 | DQ14: 2509 | DR14: 2600 | DS14: 2710 | DT14: 2856 | DU14: 2796 | DV14: 2747 | DW14: 2943 | DX14: 3020 | DY14: 3454 | DZ14: 3476 | EB14: 3875 | EC14: 4303 | ED14: 4492 | EE14: 5016 | EF14: 5021 | EG14: 4944 | EH14: 5079 | EI14: 5025 | EJ14: 4821 | EK14: 4570 | EL14: 4188 | EM14: 4191 | EO14: 4068 | EP14: 3965 | EQ14: 3801 | ER14: 3571 | ES14: 3479 | ET14: 3429 | EU14: 3528 | EV14: 3588 | EW14: 3775 | EX14: 3910 | EY14: 4003 | EZ14: 3653 | FB14: 3615 | FC14: 3329 | FD14: 3726 | FE14: 3620 | FF14: 3569 | FG14: 3766 | FH14: 3836 | FI14: 3946 | FJ14: 3884 | FK14: 4252 | FL14: 4330 | FM14: 4617 | FO14: 4671 | FP14: 4832 | FQ14: 4853 | FR14: 4893 | FS14: 5003 | FT14: 4885 | FU14: 4928 | FV14: 4682 | FW14: 4676 | FX14: 4573 | FY14: 4295 | FZ14: 4177 | GB14: 4081 | GC14: 3871 | GD14: 3921 | GE14: 3906 | GF14: 3863 | GG14: 3844 | GH14: 3819 | GI14: 4013 | GJ14: 3961 | GK14: 3803 | GL14: 4024 | GM14: 3907 | GO14: 4074 | GP14: 4238 | GQ14: 4072 | GR14: 4055 | GS14: 4217 | GT14: 3977 | GU14: 4051 | GV14: 3878 | GW14: 3957 | GX14: 3987 | GY14: 4151 | GZ14: 3975 | HB14: 4029 | HC14: 3932 | HD14: 3950 | HE14: 3918 | HF14: 3764 | HG14: 3814 | HH14: 3608 | HI14: 3655 | HJ14: 3712 | HK14: 3726 | HL14: 3551 | HM14: 3651 | HO14: 3572 | HP14: 3730 | HQ14: 3510 | HR14: 3595 | HS14: 3432 | HT14: 3387 | HU14: 3301 | HV14: 3254 | HW14: 3216 | HX14: 3143 | HY14: 3073 | HZ14: 3031 | IB14: 2988 | IC14: 2820 | ID14: 2887 | IE14: 2828 | IF14: 2950 | IG14: 2872 | IH14: 2876 | II14: 2900 | IJ14: 2798 | IK14: 2798 | IL14: 2770 | IM14: 2912 | IO14: 2968 | IP14: 2915 | IQ14: 2889 | IR14: 2895 | IS14: 2929 | IT14: 2992 | IU14: 2944 | IV14: 2945 | IW14: 2958 | IX14: 3143 | IY14: 3066 | IZ14: 3018 | JB14: 2878 | JC14: 3001 | JD14: 2877 | JE14: 2709 | JF14: 2740 | JG14: 2938 | JH14: 2883 | JI14: 2768 | JJ14: 2686 | JK14: 2689 | JL14: 2715 | JM14: 2685 | JO14: 2718 | JP14: 2692 | JQ14: 2712 | JR14: 2758 | JS14: 2713 | JT14: 2816 | JU14: 2868 | JV14: 2856 | JW14: 3040 | JX14: 3049 | JY14: 2856 | JZ14: 2884 | KB14: 3201 | KC14: 3453 | KD14: 3635 | KE14: 3797 | KF14: 3919 | KG14: 4071 | KH14: 4175 | KI14: 4256 | KJ14: 4456 | KK14: 4591 | KL14: 4898 | KM14: 5076 | KO14: 4986 | KP14: 4903 | KQ14: 4987 | KR14: 4959 | KS14: 4996 | KT14: 4949 | KU14: 5035 | KV14: 5134 | KW14: 5042 | KX14: 4954 | KY14: 5161 | KZ14: 5154 | LB14: 5019 | LC14: 4928 | LD14: 5038 | LE14: 4959 | LF14: 4922 | LG14: 4923 | LH14: 4913 | LI14: 4939 | LJ14: 4849 | LK14: 4875 | LL14: 4602 | LM14: 4543 | LO14: 4326 | LP14: 4452 | LQ14: 4394 | LR14: 4459 | LS14: 4329 | LT14: 4363 | LU14: 4305 | LV14: 4305 | LW14: 4350 | LX14: 4144 | LY14: 4396 | LZ14: 4489 | MB14: 4644 | MC14: 4731 | MD14: 4634 | ME14: 4618 | MF14: 4705 | MG14: 4927 | MH14: 5063 | MI14: 5022 | MJ14: 5437 | MK14: 5523 | ML14: 6140 | MM14: 6636 | MO14: 7501 | MP14: 7520 | MQ14: 7978 | MR14: 8210 | MS14: 8433 | MT14: 8220 | MU14: 8127 | MV14: 7928 | MW14: 7923 | MX14: 7897 | MY14: 7794 | MZ14: 7744 | NB14: 7534 | NC14: 7326 | ND14: 7230 | NE14: 7330 | NF14: 7053 | NG14: 7322 | NH14: 7490 | NI14: 7518 | NJ14: 7380 | NK14: 7430 | NL14: 7620 | NM14: 7545 | NO14: 7280 | NP14: 7443 | NQ14: 7307 | NR14: 7059 | NS14: 6911 | NT14: 7134 | NU14: 6829 | NV14: 6925 | NW14: 6751 | NX14: 6763 | NY14: 6815 | NZ14: 6386 | OB14: 6489 | OC14: 6318 | OD14: 6337 | OE14: 6180 | OF14: 6127 | OG14: 6028 | OH14: 6309 | OI14: 6080 | OJ14: 6125 | OK14: 5947 | OL14: 6077 | OM14: 6228 | OO14: 6109 | OP14: 6173 | OQ14: 6109 | OR14: 6069 | OS14: 5840 | OT14: 5959 | OU14: 5996 | OV14: 6320 | OW14: 6190 | OX14: 6296 | OY14: 6238 | OZ14: 6325 | PB14: 6683 | PC14: 6702 | PD14: 6729 | PE14: 7358 | PF14: 7984 | PG14: 8098 | PH14: 8363 | PI14: 8281 | PJ14: 8021 | PK14: 8088 | PL14: 8023 | PM14: 7718 | PO14: 8071 | PP14: 8051 | PQ14: 7982 | PR14: 7869 | PS14: 8174 | PT14: 8098 | PU14: 7863 | PV14: 8036 | PW14: 8230 | PX14: 8646 | PY14: 9029 | PZ14: 9267 | QB14: 9397 | QC14: 9705 | QD14: 9895 | QE14: 10244 | QF14: 10335 | QG14: 10538 | QH14: 10849 | QI14: 10881 | QJ14: 11217 | QK14: 11529 | QL14: 11938 | QM14: 12051 | QO14: 11534 | QP14: 11545 | QQ14: 11408 | QR14: 11268 | QS14: 11154 | QT14: 11246 | QU14: 10548 | QV14: 10623 | QW14: 10282 | QX14: 9887 | QY14: 9499 | QZ14: 9331 | RB14: 9008 | RC14: 8791 | RD14: 8746 | RE14: 8762 | RF14: 8456 | RG14: 8226 | RH14: 8537 | RI14: 8519 | RJ14: 8367 | RK14: 8381 | RL14: 8198 | RM14: 8358 | RO14: 8423 | RP14: 8321 | RQ14: 8339 | RR14: 8395 | RS14: 8302 | RT14: 8460 | RU14: 8513 | RV14: 8196 | RW14: 8248 | RX14: 8298 | RY14: 8128 | RZ14: 8138 | SB14: 7795 | SC14: 8402 | SD14: 8383 | SE14: 8364 | SF14: 8439 | SG14: 8508 | SH14: 8319 | SI14: 8135 | SJ14: 8310 | SK14: 8243 | SL14: 8159 | SM14: 7883 | SO14: 7892 | SP14: 7865 | SQ14: 7862 | SR14: 7542 | SS14: 7574 | ST14: 7398 | SU14: 7268 | SV14: 7261 | SW14: 7102 | SX14: 7227 | SY14: 7035 | SZ14: 6936 | TB14: 6953 | TC14: 6929 | TD14: 6876 | TE14: 6601 | TF14: 6779 | TG14: 6546 | TH14: 6605 | TI14: 6843 | TJ14: 6604 | TK14: 6568 | TL14: 6537 | TM14: 6518 | TO14: 6682 | TP14: 6359 | TQ14: 6205 | TR14: 6468 | TS14: 6375 | TT14: 6577 | TU14: 6495 | TV14: 6511 | TW14: 6590 | TX14: 6630 | TY14: 6725 | TZ14: 6667 | UB14: 6752 | UC14: 6651 | UD14: 6598 | UE14: 6797 | UF14: 6742 | UG14: 6590 | UH14: 6922 | UI14: 7188 | UJ14: 7368 | UK14: 7459 | UL14: 7764 | UM14: 7901 | UO14: 8015 | UP14: 8265 | UQ14: 8586 | UR14: 8439 | US14: 8736 | UT14: 8692 | UU14: 8586 | UV14: 8666 | UW14: 8722 | UX14: 8842 | UY14: 8931 | UZ14: 9198 | VB14: 9283 | VC14: 9454 | VD14: 9460 | VE14: 9415 | VF14: 9744 | VG14: 10040 | VH14: 9850 | VI14: 9787 | VJ14: 9781 | VK14: 9398 | VL14: 9565 | VM14: 9557 | VO14: 9325 | VP14: 9183 | VQ14: 9056 | VR14: 9110 | VS14: 9149 | VT14: 9121 | VU14: 8930 | VV14: 8763 | VW14: 8714 | VX14: 8750 | VY14: 8542 | VZ14: 8477 | WB14: 8630 | WC14: 8583 | WD14: 8470 | WE14: 8331 | WF14: 7915 | WG14: 7927 | WH14: 7946 | WI14: 7933 | WJ14: 7734 | WK14: 7632 | WL14: 7375 | WM14: 7230 | WO14: 7375 | WP14: 7187 | WQ14: 7153 | WR14: 7645 | WS14: 7430 | WT14: 7427 | WU14: 7527 | WV14: 7484 | WW14: 7478 | WX14: 7328 | WY14: 7426 | WZ14: 7423 | XB14: 7491 | XC14: 7313 | XD14: 7318 | XE14: 7415 | XF14: 7423 | XG14: 7095 | XH14: 7337 | XI14: 6882 | XJ14: 6979 | XK14: 7031 | XL14: 7236 | XM14: 7253 | XO14: 7158 | XP14: 7102 | XQ14: 7000 | XR14: 6873 | XS14: 6655 | XT14: 6799 | XU14: 6655 | XV14: 6608 | XW14: 6656 | XX14: 6454 | XY14: 6308 | XZ14: 6476 | YB14: 6368 | YC14: 6306 | YD14: 6422 | YE14: 5941 | YF14: 6047 | YG14: 6212 | YH14: 6259 | YI14: 6179 | YJ14: 6300 | YK14: 6280 | YL14: 6100 | YM14: 6032 | YO14: 5976 | YP14: 6111 | YQ14: 5783 | YR14: 6004 | YS14: 5796 | YT14: 5951 | YU14: 6025 | YV14: 5838 | YW14: 5915 | YX14: 5778 | YY14: 5716 | YZ14: 5653 | ZB14: 5708 | ZC14: 5858 | ZD14: 5733 | ZE14: 5481 | ZF14: 5758 | ZG14: 5651 | ZH14: 5747 | ZI14: 5853 | ZJ14: 5625 | ZK14: 5534 | ZL14: 5639 | ZM14: 5634 | ZO14: 6023 | ZP14: 6089 | ZQ14: 6141 | ZR14: 6271 | ZS14: 6226 | ZT14: 6484 | ZU14: 6583 | ZV14: 7042 | ZW14: 7142 | ZX14: 7694 | ZY14: 8003 | ZZ14: 8258 | AAB14: 8182 | AAC14: 8215 | AAD14: 8304 | AAE14: 8599 | AAF14: 8399 | AAG14: 8393 | AAH14: 8390 | AAI14: 8304 | AAJ14: 8251 | AAK14: 8307 | AAL14: 8520 | AAM14: 8640 | AAO14: 8520 | AAP14: 8618 | AAQ14: 8588 | AAR14: 8842 | AAS14: 8957 | AAT14: 9266 | AAU14: 9011 | AAV14: 8896 | AAW14: 8921 | AAX14: 8732 | AAY14: 8576 | AAZ14: 8317 | ABB14: 8370 | ABC14: 8167 | ABD14: 8491 | ABE14: 8170 | ABF14: 8212 | ABG14: 8286 | ABH14: 8136 | ABI14: 7990 | ABJ14: 7927 | ABK14: 8061 | ABL14: 7932 | ABM14: 7934 | ABO14: 7784 | ABP14: 7980 | ABQ14: 7737 | ABR14: 7672 | ABS14: 7651 | ABT14: 7524 | ABU14: 7406 | ABV14: 7345 | ABW14: 7553 | ABX14: 7453 | ABY14: 7566 | ABZ14: 7279 | ACB14: 7064 | ACC14: 7184 | ACD14: 7072 | ACE14: 7120 | ACF14: 6980 | ACG14: 7001 | ACH14: 7175 | ACI14: 7091 | ACJ14: 6847 | ACK14: 6727 | ACL14: 6872 | ACM14: 6762 | ACO14: 7116 | ACP14: 6927 | ACQ14: 6731 | ACR14: 6850 | ACS14: 6766 | ACT14: 6979 | ACU14: 7149 | ACV14: 7067 | ACW14: 7170 | ACX14: 7237 | ACY14: 7240 | ACZ14: 7645 | ADB14: 7685 | ADC14: 7497 | ADD14: 7822 | ADE14: 7637 | ADF14: 8395 | ADG14: 8575 | ADH14: 8937 | ADI14: 9438 | ADJ14: 9494 | ADK14: 10074 | ADL14: 10538 | ADM14: 11286 | ADO14: 12079 | ADP14: 12881 | ADQ14: 13421 | ADR14: 13826 | ADS14: 14492 | ADT14: 14705 | ADU14: 14607 | ADV14: 14819 | ADW14: 15005 | ADX14: 15382 | ADY14: 15223 | ADZ14: 15095 | AEB14: 15016 | AEC14: 15078 | AED14: 15192 | AEE14: 15281 | AEF14: 14856 | AEG14: 14475 | AEH14: 14542 | AEI14: 14673 | AEJ14: 14577 | AEK14: 14584 | AEL14: 15094 | AEM14: 14354 | AEO14: 13992 | AEP14: 13798 | AEQ14: 13716 | AER14: 13872 | AES14: 13871 | AET14: 13964 | AEU14: 13817 | AEV14: 13837 | AEW14: 13910 | AEX14: 13696 | AEY14: 13325 | AEZ14: 13049 | AFB14: 12748 | AFC14: 12806 | AFD14: 12686 | AFE14: 12518 | AFF14: 12695 | AFG14: 12701 | AFH14: 12745 | AFI14: 12483 | AFJ14: 12082 | AFK14: 12248 | AFL14: 12042 | AFM14: 12206 | AFO14: 12332 | AFP14: 12032 | AFQ14: 11742 | AFR14: 11659 | AFS14: 11760 | AFT14: 11777 | AFU14: 11514 | AFV14: 11316 | AFW14: 11255
A15: LNS17400000 | UC15: 1823 | UD15: 1764 | UE15: 1873 | UF15: 1676 | UG15: 1771 | UH15: 1941 | UI15: 1877 | UJ15: 1752 | UK15: 1902 | UL15: 2034 | UM15: 1874 | UO15: 1978 | UP15: 2084 | UQ15: 2130 | UR15: 1956 | US15: 2077 | UT15: 1909 | UU15: 1947 | UV15: 2043 | UW15: 1959 | UX15: 2019 | UY15: 1935 | UZ15: 1975 | VB15: 2150 | VC15: 2035 | VD15: 1773 | VE15: 1915 | VF15: 2028 | VG15: 2057 | VH15: 1940 | VI15: 1950 | VJ15: 2087 | VK15: 1923 | VL15: 1994 | VM15: 2019 | VO15: 1818 | VP15: 1903 | VQ15: 1930 | VR15: 1894 | VS15: 1895 | VT15: 1872 | VU15: 1925 | VV15: 1807 | VW15: 1852 | VX15: 1852 | VY15: 1807 | VZ15: 1932 | WB15: 1884 | WC15: 1898 | WD15: 1852 | WE15: 1898 | WF15: 1776 | WG15: 1875 | WH15: 1910 | WI15: 1848 | WJ15: 1783 | WK15: 1606 | WL15: 1791 | WM15: 1867 | WO15: 1969 | WP15: 1700 | WQ15: 1829 | WR15: 1873 | WS15: 1784 | WT15: 1871 | WU15: 1820 | WV15: 1910 | WW15: 1895 | WX15: 1857 | WY15: 1798 | WZ15: 1657 | XB15: 1867 | XC15: 1677 | XD15: 1752 | XE15: 1750 | XF15: 1787 | XG15: 1754 | XH15: 1765 | XI15: 1634 | XJ15: 1792 | XK15: 1666 | XL15: 1849 | XM15: 1604 | XO15: 1863 | XP15: 1789 | XQ15: 1650 | XR15: 1724 | XS15: 1639 | XT15: 1865 | XU15: 1685 | XV15: 1578 | XW15: 1667 | XX15: 1691 | XY15: 1596 | XZ15: 1880 | YB15: 1685 | YC15: 1750 | YD15: 1781 | YE15: 1586 | YF15: 1656 | YG15: 1661 | YH15: 1739 | YI15: 1684 | YJ15: 1758 | YK15: 1684 | YL15: 1643 | YM15: 1751 | YO15: 1576 | YP15: 1736 | YQ15: 1591 | YR15: 1682 | YS15: 1685 | YT15: 1662 | YU15: 1611 | YV15: 1603 | YW15: 1527 | YX15: 1613 | YY15: 1613 | YZ15: 1620 | ZB15: 1614 | ZC15: 1678 | ZD15: 1646 | ZE15: 1532 | ZF15: 1688 | ZG15: 1597 | ZH15: 1751 | ZI15: 1718 | ZJ15: 1643 | ZK15: 1549 | ZL15: 1444 | ZM15: 1472 | ZO15: 1758 | ZP15: 1729 | ZQ15: 1782 | ZR15: 1827 | ZS15: 1810 | ZT15: 1877 | ZU15: 1833 | ZV15: 1946 | ZW15: 1823 | ZX15: 2025 | ZY15: 2109 | ZZ15: 1986 | AAB15: 2130 | AAC15: 1950 | AAD15: 1884 | AAE15: 2008 | AAF15: 1797 | AAG15: 1989 | AAH15: 1935 | AAI15: 1934 | AAJ15: 1878 | AAK15: 2004 | AAL15: 2050 | AAM15: 1911 | AAO15: 2008 | AAP15: 1886 | AAQ15: 1959 | AAR15: 1978 | AAS15: 2000 | AAT15: 1949 | AAU15: 1882 | AAV15: 2041 | AAW15: 1931 | AAX15: 1733 | AAY15: 1832 | AAZ15: 1922 | ABB15: 1729 | ABC15: 1806 | ABD15: 1857 | ABE15: 1787 | ABF15: 1851 | ABG15: 1777 | ABH15: 1823 | ABI15: 1858 | ABJ15: 1907 | ABK15: 1890 | ABL15: 1801 | ABM15: 1848 | ABO15: 1814 | ABP15: 1853 | ABQ15: 1730 | ABR15: 1692 | ABS15: 1738 | ABT15: 1822 | ABU15: 1783 | ABV15: 1769 | ABW15: 1853 | ABX15: 1736 | ABY15: 1685 | ABZ15: 1732 | ACB15: 1595 | ACC15: 1692 | ACD15: 1728 | ACE15: 1882 | ACF15: 1754 | ACG15: 1752 | ACH15: 1900 | ACI15: 1725 | ACJ15: 1761 | ACK15: 1749 | ACL15: 1814 | ACM15: 1820 | ACO15: 1917 | ACP15: 1833 | ACQ15: 1701 | ACR15: 1763 | ACS15: 1712 | ACT15: 1774 | ACU15: 1843 | ACV15: 1714 | ACW15: 1795 | ACX15: 1818 | ACY15: 1725 | ACZ15: 1866 | ADB15: 1780 | ADC15: 1817 | ADD15: 2005 | ADE15: 1915 | ADF15: 2054 | ADG15: 1996 | ADH15: 1967 | ADI15: 2288 | ADJ15: 2140 | ADK15: 2259 | ADL15: 2506 | ADM15: 2519 | ADO15: 2764 | ADP15: 2827 | ADQ15: 2651 | ADR15: 2483 | ADS15: 2650 | ADT15: 2558 | ADU15: 2471 | ADV15: 2566 | ADW15: 2625 | ADX15: 2521 | ADY15: 2283 | ADZ15: 2379 | AEB15: 2240 | AEC15: 2329 | AED15: 2316 | AEE15: 2277 | AEF15: 2347 | AEG15: 2183 | AEH15: 2319 | AEI15: 2411 | AEJ15: 2229 | AEK15: 2245 | AEL15: 2575 | AEM15: 2207 | AEO15: 2163 | AEP15: 2024 | AEQ15: 2124 | AER15: 2276 | AES15: 2207 | AET15: 2156 | AEU15: 2135 | AEV15: 2043 | AEW15: 2384 | AEX15: 2170 | AEY15: 2104 | AEZ15: 2053 | AFB15: 1983 | AFC15: 1943 | AFD15: 2091 | AFE15: 2004 | AFF15: 1950 | AFG15: 2068 | AFH15: 2160 | AFI15: 2130 | AFJ15: 1897 | AFK15: 2017 | AFL15: 1908 | AFM15: 2123 | AFO15: 2104 | AFP15: 1884 | AFQ15: 1902 | AFR15: 2008 | AFS15: 1961 | AFT15: 2114 | AFU15: 1957 | AFV15: 2007 | AFW15: 1887
A16: LNS17500000 | UC16: 3238 | UD16: 3219 | UE16: 3402 | UF16: 3551 | UG16: 3402 | UH16: 3379 | UI16: 3625 | UJ16: 4045 | UK16: 3924 | UL16: 4027 | UM16: 4310 | UO16: 4302 | UP16: 4446 | UQ16: 4662 | UR16: 4751 | US16: 4846 | UT16: 4924 | UU16: 4969 | UV16: 4825 | UW16: 4829 | UX16: 4936 | UY16: 5123 | UZ16: 5321 | VB16: 5155 | VC16: 5696 | VD16: 5713 | VE16: 5538 | VF16: 5620 | VG16: 5899 | VH16: 5894 | VI16: 5939 | VJ16: 5741 | VK16: 5607 | VL16: 5536 | VM16: 5504 | VO16: 5628 | VP16: 5376 | VQ16: 5269 | VR16: 5265 | VS16: 5360 | VT16: 5451 | VU16: 5152 | VV16: 5131 | VW16: 5021 | VX16: 4969 | VY16: 4895 | VZ16: 4644 | WB16: 4641 | WC16: 4638 | WD16: 4477 | WE16: 4361 | WF16: 4181 | WG16: 3913 | WH16: 3952 | WI16: 3955 | WJ16: 3994 | WK16: 3997 | WL16: 3700 | WM16: 3431 | WO16: 3483 | WP16: 3603 | WQ16: 3566 | WR16: 3609 | WS16: 3775 | WT16: 3658 | WU16: 3705 | WV16: 3650 | WW16: 3636 | WX16: 3508 | WY16: 3663 | WZ16: 3808 | XB16: 3704 | XC16: 3687 | XD16: 3601 | XE16: 3713 | XF16: 3666 | XG16: 3544 | XH16: 3486 | XI16: 3541 | XJ16: 3264 | XK16: 3479 | XL16: 3466 | XM16: 3707 | XO16: 3418 | XP16: 3474 | XQ16: 3475 | XR16: 3379 | XS16: 3228 | XT16: 3126 | XU16: 3162 | XV16: 3165 | XW16: 3237 | XX16: 3115 | XY16: 3041 | XZ16: 2831 | YB16: 3026 | YC16: 2807 | YD16: 2842 | YE16: 2778 | YF16: 2748 | YG16: 2823 | YH16: 2854 | YI16: 2856 | YJ16: 2788 | YK16: 2870 | YL16: 2742 | YM16: 2641 | YO16: 2674 | YP16: 2660 | YQ16: 2599 | YR16: 2684 | YS16: 2607 | YT16: 2653 | YU16: 2741 | YV16: 2666 | YW16: 2673 | YX16: 2630 | YY16: 2380 | YZ16: 2370 | ZB16: 2391 | ZC16: 2527 | ZD16: 2513 | ZE16: 2393 | ZF16: 2440 | ZG16: 2415 | ZH16: 2473 | ZI16: 2492 | ZJ16: 2479 | ZK16: 2466 | ZL16: 2578 | ZM16: 2643 | ZO16: 2591 | ZP16: 2754 | ZQ16: 2717 | ZR16: 2745 | ZS16: 2773 | ZT16: 2877 | ZU16: 3071 | ZV16: 3214 | ZW16: 3446 | ZX16: 3646 | ZY16: 3948 | ZZ16: 4213 | AAB16: 4350 | AAC16: 4240 | AAD16: 4364 | AAE16: 4567 | AAF16: 4653 | AAG16: 4614 | AAH16: 4395 | AAI16: 4491 | AAJ16: 4411 | AAK16: 4429 | AAL16: 4527 | AAM16: 4764 | AAO16: 4475 | AAP16: 4756 | AAQ16: 4604 | AAR16: 4722 | AAS16: 4895 | AAT16: 5012 | AAU16: 5132 | AAV16: 4866 | AAW16: 4932 | AAX16: 4856 | AAY16: 4765 | AAZ16: 4435 | ABB16: 4579 | ABC16: 4436 | ABD16: 4370 | ABE16: 4464 | ABF16: 4314 | ABG16: 4381 | ABH16: 4287 | ABI16: 4164 | ABJ16: 3966 | ABK16: 4053 | ABL16: 4125 | ABM16: 4053 | ABO16: 4158 | ABP16: 4083 | ABQ16: 4065 | ABR16: 3959 | ABS16: 3915 | ABT16: 3852 | ABU16: 3762 | ABV16: 3565 | ABW16: 3712 | ABX16: 3780 | ABY16: 3686 | ABZ16: 3593 | ACB16: 3440 | ACC16: 3566 | ACD16: 3485 | ACE16: 3362 | ACF16: 3376 | ACG16: 3222 | ACH16: 3276 | ACI16: 3360 | ACJ16: 3325 | ACK16: 3226 | ACL16: 3305 | ACM16: 3194 | ACO16: 3272 | ACP16: 3248 | ACQ16: 3207 | ACR16: 3377 | ACS16: 3308 | ACT16: 3414 | ACU16: 3495 | ACV16: 3580 | ACW16: 3549 | ACX16: 3624 | ACY16: 3582 | ACZ16: 3792 | ADB16: 4016 | ADC16: 3845 | ADD16: 3787 | ADE16: 3794 | ADF16: 4070 | ADG16: 4558 | ADH16: 4781 | ADI16: 4930 | ADJ16: 5052 | ADK16: 5355 | ADL16: 5885 | ADM16: 6217 | ADO16: 6796 | ADP16: 7455 | ADQ16: 8178 | ADR16: 8501 | ADS16: 8984 | ADT16: 9315 | ADU16: 9346 | ADV16: 9329 | ADW16: 9578 | ADX16: 9911 | ADY16: 10010 | ADZ16: 9923 | AEB16: 9699 | AEC16: 9742 | AED16: 9639 | AEE16: 9696 | AEF16: 9593 | AEG16: 9421 | AEH16: 9113 | AEI16: 9190 | AEJ16: 9360 | AEK16: 9269 | AEL16: 9324 | AEM16: 9311 | AEO16: 8892 | AEP16: 8775 | AEQ16: 8676 | AER16: 8617 | AES16: 8696 | AET16: 8658 | AEU16: 8630 | AEV16: 8671 | AEW16: 8462 | AEX16: 8778 | AEY16: 8442 | AEZ16: 8087 | AFB16: 7793 | AFC16: 7753 | AFD16: 7737 | AFE16: 7744 | AFF16: 7644 | AFG16: 7742 | AFH16: 7721 | AFI16: 7519 | AFJ16: 7306 | AFK16: 7125 | AFL16: 7199 | AFM16: 7131 | AFO16: 7393 | AFP16: 7257 | AFQ16: 7133 | AFR16: 7012 | AFS16: 6990 | AFT16: 6947 | AFU16: 6814 | AFV16: 6611 | AFW16: 6753
A17: LNS17600000 | UC17: 1573 | UD17: 1604 | UE17: 1510 | UF17: 1496 | UG17: 1381 | UH17: 1566 | UI17: 1658 | UJ17: 1559 | UK17: 1613 | UL17: 1668 | UM17: 1692 | UO17: 1698 | UP17: 1718 | UQ17: 1774 | UR17: 1705 | US17: 1789 | UT17: 1834 | UU17: 1648 | UV17: 1773 | UW17: 1906 | UX17: 1855 | UY17: 1849 | UZ17: 1884 | VB17: 1951 | VC17: 1698 | VD17: 1959 | VE17: 1921 | VF17: 2067 | VG17: 2050 | VH17: 1972 | VI17: 1867 | VJ17: 1931 | VK17: 1848 | VL17: 2010 | VM17: 2022 | VO17: 1849 | VP17: 1896 | VQ17: 1822 | VR17: 1920 | VS17: 1869 | VT17: 1768 | VU17: 1816 | VV17: 1801 | VW17: 1803 | VX17: 1905 | VY17: 1815 | VZ17: 1884 | WB17: 2076 | WC17: 2029 | WD17: 2117 | WE17: 2051 | WF17: 1937 | WG17: 2111 | WH17: 2056 | WI17: 2099 | WJ17: 1930 | WK17: 2007 | WL17: 1858 | WM17: 1907 | WO17: 1892 | WP17: 1851 | WQ17: 1731 | WR17: 2144 | WS17: 1849 | WT17: 1864 | WU17: 1976 | WV17: 1898 | WW17: 1923 | WX17: 1907 | WY17: 1940 | WZ17: 1947 | XB17: 1890 | XC17: 1939 | XD17: 1944 | XE17: 1935 | XF17: 1950 | XG17: 1766 | XH17: 2061 | XI17: 1689 | XJ17: 1896 | XK17: 1867 | XL17: 1890 | XM17: 1922 | XO17: 1841 | XP17: 1810 | XQ17: 1855 | XR17: 1753 | XS17: 1764 | XT17: 1781 | XU17: 1788 | XV17: 1836 | XW17: 1741 | XX17: 1622 | XY17: 1649 | XZ17: 1747 | YB17: 1641 | YC17: 1723 | YD17: 1780 | YE17: 1557 | YF17: 1627 | YG17: 1704 | YH17: 1654 | YI17: 1621 | YJ17: 1737 | YK17: 1703 | YL17: 1691 | YM17: 1624 | YO17: 1679 | YP17: 1691 | YQ17: 1581 | YR17: 1603 | YS17: 1489 | YT17: 1606 | YU17: 1647 | YV17: 1552 | YW17: 1696 | YX17: 1525 | YY17: 1688 | YZ17: 1643 | ZB17: 1628 | ZC17: 1628 | ZD17: 1541 | ZE17: 1533 | ZF17: 1619 | ZG17: 1610 | ZH17: 1499 | ZI17: 1596 | ZJ17: 1471 | ZK17: 1498 | ZL17: 1596 | ZM17: 1487 | ZO17: 1660 | ZP17: 1573 | ZQ17: 1626 | ZR17: 1672 | ZS17: 1618 | ZT17: 1689 | ZU17: 1661 | ZV17: 1861 | ZW17: 1856 | ZX17: 1989 | ZY17: 1917 | ZZ17: 2036 | AAB17: 1687 | AAC17: 2013 | AAD17: 2029 | AAE17: 1992 | AAF17: 1927 | AAG17: 1774 | AAH17: 2028 | AAI17: 1852 | AAJ17: 1948 | AAK17: 1842 | AAL17: 1890 | AAM17: 1951 | AAO17: 1958 | AAP17: 1964 | AAQ17: 1999 | AAR17: 2124 | AAS17: 2048 | AAT17: 2273 | AAU17: 1972 | AAV17: 1973 | AAW17: 2040 | AAX17: 2121 | AAY17: 1959 | AAZ17: 1936 | ABB17: 2049 | ABC17: 1910 | ABD17: 2237 | ABE17: 1897 | ABF17: 2034 | ABG17: 2088 | ABH17: 1991 | ABI17: 1946 | ABJ17: 2025 | ABK17: 2085 | ABL17: 1992 | ABM17: 2015 | ABO17: 1776 | ABP17: 2030 | ABQ17: 1929 | ABR17: 1983 | ABS17: 1964 | ABT17: 1827 | ABU17: 1841 | ABV17: 1986 | ABW17: 1950 | ABX17: 1895 | ABY17: 2153 | ABZ17: 1928 | ACB17: 1997 | ACC17: 1903 | ACD17: 1833 | ACE17: 1866 | ACF17: 1832 | ACG17: 1983 | ACH17: 1974 | ACI17: 1955 | ACJ17: 1733 | ACK17: 1713 | ACL17: 1719 | ACM17: 1740 | ACO17: 1905 | ACP17: 1812 | ACQ17: 1788 | ACR17: 1683 | ACS17: 1736 | ACT17: 1757 | ACU17: 1787 | ACV17: 1735 | ACW17: 1797 | ACX17: 1774 | ACY17: 1902 | ACZ17: 1974 | ADB17: 1851 | ADC17: 1818 | ADD17: 2005 | ADE17: 1911 | ADF17: 2250 | ADG17: 2000 | ADH17: 2153 | ADI17: 2189 | ADJ17: 2281 | ADK17: 2422 | ADL17: 2125 | ADM17: 2515 | ADO17: 2507 | ADP17: 2577 | ADQ17: 2570 | ADR17: 2814 | ADS17: 2837 | ADT17: 2799 | ADU17: 2772 | ADV17: 2915 | ADW17: 2765 | ADX17: 2939 | ADY17: 2906 | ADZ17: 2779 | AEB17: 3060 | AEC17: 2994 | AED17: 3221 | AEE17: 3290 | AEF17: 2907 | AEG17: 2857 | AEH17: 3098 | AEI17: 3048 | AEJ17: 2968 | AEK17: 3042 | AEL17: 3173 | AEM17: 2816 | AEO17: 2926 | AEP17: 2986 | AEQ17: 2885 | AER17: 2966 | AES17: 2944 | AET17: 3131 | AEU17: 3038 | AEV17: 3099 | AEW17: 3053 | AEX17: 2728 | AEY17: 2761 | AEZ17: 2889 | AFB17: 2885 | AFC17: 3093 | AFD17: 2852 | AFE17: 2753 | AFF17: 3092 | AFG17: 2862 | AFH17: 2852 | AFI17: 2825 | AFJ17: 2865 | AFK17: 3099 | AFL17: 2910 | AFM17: 2945 | AFO17: 2811 | AFP17: 2881 | AFQ17: 2685 | AFR17: 2625 | AFS17: 2777 | AFT17: 2686 | AFU17: 2719 | AFV17: 2652 | AFW17: 2596
A18: LNS17700000 | UC18: 16 | UD18: 11 | UE18: 12 | UF18: 20 | UG18: 36 | UH18: 36 | UI18: 28 | UJ18: 12 | UK18: 19 | UL18: 35 | UM18: 26 | UO18: 37 | UP18: 17 | UQ18: 21 | UR18: 28 | US18: 24 | UT18: 25 | UU18: 23 | UV18: 25 | UW18: 27 | UX18: 32 | UY18: 24 | UZ18: 19 | VB18: 27 | VC18: 25 | VD18: 15 | VE18: 42 | VF18: 29 | VG18: 35 | VH18: 45 | VI18: 30 | VJ18: 22 | VK18: 21 | VL18: 25 | VM18: 12 | VO18: 31 | VP18: 8 | VQ18: 35 | VR18: 31 | VS18: 26 | VT18: 29 | VU18: 37 | VV18: 24 | VW18: 38 | VX18: 24 | VY18: 24 | VZ18: 16 | WB18: 29 | WC18: 18 | WD18: 23 | WE18: 21 | WF18: 21 | WG18: 28 | WH18: 27 | WI18: 32 | WJ18: 26 | WK18: 22 | WL18: 26 | WM18: 26 | WO18: 32 | WP18: 33 | WQ18: 27 | WR18: 20 | WS18: 22 | WT18: 34 | WU18: 26 | WV18: 26 | WW18: 23 | WX18: 56 | WY18: 24 | WZ18: 11 | XB18: 30 | XC18: 10 | XD18: 21 | XE18: 18 | XF18: 21 | XG18: 31 | XH18: 25 | XI18: 18 | XJ18: 27 | XK18: 19 | XL18: 31 | XM18: 19 | XO18: 36 | XP18: 30 | XQ18: 20 | XR18: 17 | XS18: 24 | XT18: 26 | XU18: 21 | XV18: 29 | XW18: 11 | XX18: 25 | XY18: 21 | XZ18: 17 | YB18: 17 | YC18: 25 | YD18: 20 | YE18: 21 | YF18: 16 | YG18: 24 | YH18: 12 | YI18: 18 | YJ18: 17 | YK18: 24 | YL18: 24 | YM18: 16 | YO18: 48 | YP18: 23 | YQ18: 12 | YR18: 35 | YS18: 15 | YT18: 30 | YU18: 26 | YV18: 18 | YW18: 20 | YX18: 11 | YY18: 35 | YZ18: 20 | ZB18: 75 | ZC18: 24 | ZD18: 32 | ZE18: 23 | ZF18: 11 | ZG18: 28 | ZH18: 24 | ZI18: 47 | ZJ18: 32 | ZK18: 22 | ZL18: 22 | ZM18: 32 | ZO18: 13 | ZP18: 34 | ZQ18: 16 | ZR18: 27 | ZS18: 25 | ZT18: 41 | ZU18: 17 | ZV18: 21 | ZW18: 17 | ZX18: 34 | ZY18: 29 | ZZ18: 23 | AAB18: 15 | AAC18: 12 | AAD18: 27 | AAE18: 32 | AAF18: 22 | AAG18: 17 | AAH18: 31 | AAI18: 27 | AAJ18: 15 | AAK18: 31 | AAL18: 53 | AAM18: 14 | AAO18: 79 | AAP18: 12 | AAQ18: 25 | AAR18: 18 | AAS18: 13 | AAT18: 31 | AAU18: 25 | AAV18: 16 | AAW18: 17 | AAX18: 22 | AAY18: 20 | AAZ18: 24 | ABB18: 13 | ABC18: 14 | ABD18: 28 | ABE18: 22 | ABF18: 14 | ABG18: 40 | ABH18: 35 | ABI18: 23 | ABJ18: 30 | ABK18: 34 | ABL18: 13 | ABM18: 18 | ABO18: 37 | ABP18: 14 | ABQ18: 12 | ABR18: 38 | ABS18: 34 | ABT18: 22 | ABU18: 19 | ABV18: 26 | ABW18: 38 | ABX18: 43 | ABY18: 42 | ABZ18: 26 | ACB18: 31 | ACC18: 24 | ACD18: 26 | ACE18: 10 | ACF18: 18 | ACG18: 45 | ACH18: 25 | ACI18: 50 | ACJ18: 28 | ACK18: 39 | ACL18: 35 | ACM18: 8 | ACO18: 23 | ACP18: 34 | ACQ18: 35 | ACR18: 27 | ACS18: 11 | ACT18: 34 | ACU18: 24 | ACV18: 38 | ACW18: 29 | ACX18: 21 | ACY18: 31 | ACZ18: 13 | ADB18: 37 | ADC18: 16 | ADD18: 26 | ADE18: 17 | ADF18: 21 | ADG18: 21 | ADH18: 35 | ADI18: 30 | ADJ18: 20 | ADK18: 38 | ADL18: 22 | ADM18: 36 | ADO18: 12 | ADP18: 21 | ADQ18: 22 | ADR18: 28 | ADS18: 21 | ADT18: 33 | ADU18: 17 | ADV18: 9 | ADW18: 36 | ADX18: 11 | ADY18: 23 | ADZ18: 15 | AEB18: 18 | AEC18: 13 | AED18: 16 | AEE18: 18 | AEF18: 9 | AEG18: 15 | AEH18: 12 | AEI18: 23 | AEJ18: 21 | AEK18: 26 | AEL18: 21 | AEM18: 20 | AEO18: 10 | AEP18: 13 | AEQ18: 31 | AER18: 12 | AES18: 24 | AET18: 19 | AEU18: 13 | AEV18: 23 | AEW18: 11 | AEX18: 20 | AEY18: 18 | AEZ18: 21 | AFB18: 86 | AFC18: 17 | AFD18: 6 | AFE18: 17 | AFF18: 10 | AFG18: 28 | AFH18: 11 | AFI18: 9 | AFJ18: 13 | AFK18: 8 | AFL18: 25 | AFM18: 8 | AFO18: 24 | AFP18: 9 | AFQ18: 22 | AFR18: 14 | AFS18: 32 | AFT18: 30 | AFU18: 23 | AFV18: 46 | AFW18: 20
A19: LNS15000000 | MO19: 58627 | MP19: 59214 | MQ19: 59052 | MR19: 59044 | MS19: 58820 | MT19: 59400 | MU19: 59288 | MV19: 59418 | MW19: 59646 | MX19: 59815 | MY19: 60088 | MZ19: 60180 | NB19: 59919 | NC19: 60068 | ND19: 60091 | NE19: 59783 | NF19: 59918 | NG19: 60142 | NH19: 59693 | NI19: 59784 | NJ19: 60226 | NK19: 60289 | NL19: 59981 | NM19: 60090 | NO19: 60480 | NP19: 60128 | NQ19: 60016 | NR19: 60041 | NS19: 59992 | NT19: 59836 | NU19: 60272 | NV19: 60064 | NW19: 60221 | NX19: 60100 | NY19: 59553 | NZ19: 59886 | OB19: 59744 | OC19: 59994 | OD19: 59946 | OE19: 59689 | OF19: 59622 | OG19: 59424 | OH19: 59635 | OI19: 59748 | OJ19: 59707 | OK19: 59703 | OL19: 59455 | OM19: 59463 | OO19: 59459 | OP19: 59224 | OQ19: 59438 | OR19: 59990 | OS19: 60288 | OT19: 60082 | OU19: 59968 | OV19: 60102 | OW19: 59901 | OX19: 60113 | OY19: 60239 | OZ19: 60042 | PB19: 59982 | PC19: 60062 | PD19: 60542 | PE19: 60606 | PF19: 60478 | PG19: 60863 | PH19: 60773 | PI19: 60998 | PJ19: 61199 | PK19: 61098 | PL19: 61127 | PM19: 61531 | PO19: 61078 | PP19: 61038 | PQ19: 60900 | PR19: 60716 | PS19: 60607 | PT19: 61646 | PU19: 61690 | PV19: 61674 | PW19: 62299 | PX19: 61785 | PY19: 61760 | PZ19: 62254 | QB19: 62246 | QC19: 62022 | QD19: 62100 | QE19: 62024 | QF19: 61575 | QG19: 62109 | QH19: 62022 | QI19: 61997 | QJ19: 61969 | QK19: 62137 | QL19: 62008 | QM19: 62116 | QO19: 62659 | QP19: 62871 | QQ19: 63069 | QR19: 62966 | QS19: 63157 | QT19: 62246 | QU19: 62550 | QV19: 62209 | QW19: 62304 | QX19: 62853 | QY19: 62723 | QZ19: 62794 | RB19: 63324 | RC19: 63064 | RD19: 63111 | RE19: 62871 | RF19: 62474 | RG19: 62467 | RH19: 62468 | RI19: 62901 | RJ19: 62906 | RK19: 62937 | RL19: 62965 | RM19: 62725 | RO19: 62659 | RP19: 62640 | RQ19: 62339 | RR19: 62468 | RS19: 62710 | RT19: 63131 | RU19: 62943 | RV19: 63114 | RW19: 62667 | RX19: 62625 | RY19: 62805 | RZ19: 62758 | SB19: 62988 | SC19: 62939 | SD19: 62765 | SE19: 62832 | SF19: 62783 | SG19: 62419 | SH19: 62553 | SI19: 62678 | SJ19: 62602 | SK19: 62670 | SL19: 62729 | SM19: 62936 | SO19: 62982 | SP19: 62876 | SQ19: 62909 | SR19: 63008 | SS19: 62525 | ST19: 63059 | SU19: 62983 | SV19: 62684 | SW19: 63150 | SX19: 62802 | SY19: 62930 | SZ19: 62891 | TB19: 62853 | TC19: 62813 | TD19: 63198 | TE19: 62981 | TF19: 63303 | TG19: 63089 | TH19: 63064 | TI19: 62705 | TJ19: 63002 | TK19: 62908 | TL19: 62607 | TM19: 62780 | TO19: 62254 | TP19: 62642 | TQ19: 62670 | TR19: 62459 | TS19: 62707 | TT19: 62334 | TU19: 62516 | TV19: 62432 | TW19: 62782 | TX19: 62660 | TY19: 62380 | TZ19: 62668 | UB19: 62580 | UC19: 62806 | UD19: 62829 | UE19: 63129 | UF19: 63020 | UG19: 63485 | UH19: 63456 | UI19: 63352 | UJ19: 63636 | UK19: 63715 | UL19: 63802 | UM19: 63875 | UO19: 64208 | UP19: 64251 | UQ19: 64143 | UR19: 63969 | US19: 64474 | UT19: 64469 | UU19: 64792 | UV19: 64966 | UW19: 64652 | UX19: 64855 | UY19: 64956 | UZ19: 65134 | VB19: 64692 | VC19: 64860 | VD19: 64600 | VE19: 64513 | VF19: 64384 | VG19: 64204 | VH19: 64263 | VI19: 64405 | VJ19: 64728 | VK19: 65416 | VL19: 65180 | VM19: 65230 | VO19: 65562 | VP19: 65650 | VQ19: 65650 | VR19: 65814 | VS19: 65285 | VT19: 65308 | VU19: 65485 | VV19: 65444 | VW19: 65991 | VX19: 65871 | VY19: 65914 | VZ19: 65853 | WB19: 65357 | WC19: 65421 | WD19: 65813 | WE19: 65742 | WF19: 65731 | WG19: 66132 | WH19: 66207 | WI19: 65768 | WJ19: 65827 | WK19: 65686 | WL19: 65716 | WM19: 65814 | WO19: 65715 | WP19: 65770 | WQ19: 65899 | WR19: 65558 | WS19: 66435 | WT19: 66504 | WU19: 66272 | WV19: 66465 | WW19: 66394 | WX19: 66476 | WY19: 66741 | WZ19: 66997 | XB19: 67018 | XC19: 66820 | XD19: 66741 | XE19: 66692 | XF19: 66611 | XG19: 66762 | XH19: 66357 | XI19: 66793 | XJ19: 66546 | XK19: 66352 | XL19: 66456 | XM19: 66523 | XO19: 66829 | XP19: 66988 | XQ19: 66622 | XR19: 66658 | XS19: 66713 | XT19: 66789 | XU19: 66689 | XV19: 66746 | XW19: 66895 | XX19: 67134 | XY19: 66980 | XZ19: 66943 | YB19: 67143 | YC19: 67288 | YD19: 67311 | YE19: 67581 | YF19: 67527 | YG19: 67630 | YH19: 67682 | YI19: 67910 | YJ19: 67413 | YK19: 67640 | YL19: 67723 | YM19: 67635 | YO19: 67715 | YP19: 67906 | YQ19: 68306 | YR19: 68277 | YS19: 68320 | YT19: 68304 | YU19: 68390 | YV19: 68609 | YW19: 68642 | YX19: 68712 | YY19: 68641 | YZ19: 68655 | ZB19: 69142 | ZC19: 69120 | ZD19: 69338 | ZE19: 69267 | ZF19: 69853 | ZG19: 69876 | ZH19: 70398 | ZI19: 70401 | ZJ19: 70645 | ZK19: 70782 | ZL19: 70579 | ZM19: 70488 | ZO19: 70088 | ZP19: 70409 | ZQ19: 70381 | ZR19: 70956 | ZS19: 71414 | ZT19: 71592 | ZU19: 71526 | ZV19: 72136 | ZW19: 71676 | ZX19: 71817 | ZY19: 71876 | ZZ19: 72010 | AAB19: 72623 | AAC19: 72010 | AAD19: 72343 | AAE19: 72281 | AAF19: 72260 | AAG19: 72600 | AAH19: 72827 | AAI19: 72856 | AAJ19: 72554 | AAK19: 73026 | AAL19: 73508 | AAM19: 73675 | AAO19: 73960 | AAP19: 74015 | AAQ19: 74295 | AAR19: 74066 | AAS19: 74268 | AAT19: 73958 | AAU19: 74767 | AAV19: 75062 | AAW19: 75249 | AAX19: 75324 | AAY19: 75280 | AAZ19: 75780 | ABB19: 75319 | ABC19: 75648 | ABD19: 75606 | ABE19: 75907 | ABF19: 75903 | ABG19: 75735 | ABH19: 75730 | ABI19: 76113 | ABJ19: 76526 | ABK19: 76399 | ABL19: 76259 | ABM19: 76581 | ABO19: 76808 | ABP19: 76677 | ABQ19: 76846 | ABR19: 76514 | ABS19: 76409 | ABT19: 76673 | ABU19: 76721 | ABV19: 76642 | ABW19: 76739 | ABX19: 76958 | ABY19: 77138 | ABZ19: 77394 | ACB19: 77339 | ACC19: 77122 | ACD19: 77161 | ACE19: 77318 | ACF19: 77359 | ACG19: 77317 | ACH19: 77535 | ACI19: 77451 | ACJ19: 77757 | ACK19: 77634 | ACL19: 77499 | ACM19: 77376 | ACO19: 77506 | ACP19: 77851 | ACQ19: 77982 | ACR19: 78818 | ACS19: 78810 | ACT19: 78671 | ACU19: 78904 | ACV19: 79461 | ACW19: 79047 | ACX19: 79532 | ACY19: 79105 | ACZ19: 79238 | ADB19: 78554 | ADC19: 79156 | ADD19: 79087 | ADE19: 79429 | ADF19: 79102 | ADG19: 79314 | ADH19: 79395 | ADI19: 79466 | ADJ19: 79790 | ADK19: 79736 | ADL19: 80189 | ADM19: 80380 | ADO19: 80507 | ADP19: 80387 | ADQ19: 80944 | ADR19: 80793 | ADS19: 80710 | ADT19: 80944 | ADU19: 81365 | ADV19: 81787 | ADW19: 82507 | ADX19: 82746 | ADY19: 82855 | ADZ19: 83804 | AEB19: 83378 | AEC19: 83296 | AED19: 83199 | AEE19: 82752 | AEF19: 83389 | AEG19: 84067 | AEH19: 84180 | AEI19: 84022 | AEJ19: 84356 | AEK19: 84849 | AEL19: 84575 | AEM19: 85241 | AEO19: 85460 | AEP19: 85582 | AEQ19: 85641 | AER19: 85668 | AES19: 85761 | AET19: 86120 | AEU19: 86345 | AEV19: 86165 | AEW19: 85997 | AEX19: 86260 | AEY19: 86345 | AEZ19: 86640 | AFB19: 87913 | AFC19: 87611 | AFD19: 87898 | AFE19: 88332 | AFF19: 87968 | AFG19: 88006 | AFH19: 88359 | AFI19: 88919 | AFJ19: 88716 | AFK19: 88407 | AFL19: 88855 | AFM19: 88839 | AFO19: 89008 | AFP19: 89304 | AFQ19: 89967 | AFR19: 89936 | AFS19: 89705 | AFT19: 89717 | AFU19: 89957 | AFV19: 90473 | AFW19: 90609
A20: LNS17800000 | UC20: 3583 | UD20: 3367 | UE20: 3495 | UF20: 3125 | UG20: 3389 | UH20: 3297 | UI20: 3106 | UJ20: 3356 | UK20: 3236 | UL20: 3308 | UM20: 3185 | UO20: 3237 | UP20: 3022 | UQ20: 3082 | UR20: 2958 | US20: 3356 | UT20: 3170 | UU20: 3156 | UV20: 3082 | UW20: 2958 | UX20: 3086 | UY20: 3000 | UZ20: 3011 | VB20: 2934 | VC20: 2978 | VD20: 2949 | VE20: 2869 | VF20: 3154 | VG20: 2990 | VH20: 2970 | VI20: 3083 | VJ20: 3152 | VK20: 3311 | VL20: 3043 | VM20: 3111 | VO20: 3187 | VP20: 3235 | VQ20: 3057 | VR20: 3228 | VS20: 3028 | VT20: 2988 | VU20: 3027 | VV20: 3105 | VW20: 3435 | VX20: 3011 | VY20: 3088 | VZ20: 3178 | WB20: 3077 | WC20: 3531 | WD20: 3592 | WE20: 3131 | WF20: 3192 | WG20: 3341 | WH20: 3315 | WI20: 3139 | WJ20: 3196 | WK20: 3229 | WL20: 3300 | WM20: 3532 | WO20: 3317 | WP20: 3093 | WQ20: 3303 | WR20: 3392 | WS20: 3545 | WT20: 3424 | WU20: 3252 | WV20: 3396 | WW20: 3292 | WX20: 3376 | WY20: 3452 | WZ20: 3243 | XB20: 3174 | XC20: 3234 | XD20: 3251 | XE20: 3162 | XF20: 3198 | XG20: 3225 | XH20: 3314 | XI20: 3408 | XJ20: 3115 | XK20: 3229 | XL20: 3227 | XM20: 3106 | XO20: 3357 | XP20: 3396 | XQ20: 3336 | XR20: 3332 | XS20: 3328 | XT20: 3353 | XU20: 3157 | XV20: 3282 | XW20: 3369 | XX20: 3303 | XY20: 3309 | XZ20: 3567 | YB20: 3453 | YC20: 3377 | YD20: 3432 | YE20: 3463 | YF20: 3417 | YG20: 3620 | YH20: 3531 | YI20: 3887 | YJ20: 3590 | YK20: 3760 | YL20: 3677 | YM20: 3629 | YO20: 3665 | YP20: 3740 | YQ20: 3722 | YR20: 3736 | YS20: 3693 | YT20: 3730 | YU20: 3851 | YV20: 3811 | YW20: 3779 | YX20: 3656 | YY20: 3666 | YZ20: 3707 | ZB20: 3591 | ZC20: 3739 | ZD20: 3798 | ZE20: 3547 | ZF20: 3992 | ZG20: 3696 | ZH20: 3921 | ZI20: 3684 | ZJ20: 3901 | ZK20: 3929 | ZL20: 3894 | ZM20: 3748 | ZO20: 3894 | ZP20: 4170 | ZQ20: 3836 | ZR20: 4193 | ZS20: 4163 | ZT20: 3958 | ZU20: 4028 | ZV20: 4523 | ZW20: 3839 | ZX20: 3890 | ZY20: 3719 | ZZ20: 3883 | AAB20: 3897 | AAC20: 3419 | AAD20: 3992 | AAE20: 3801 | AAF20: 3817 | AAG20: 3988 | AAH20: 3721 | AAI20: 3682 | AAJ20: 3413 | AAK20: 3956 | AAL20: 4040 | AAM20: 3701 | AAO20: 3705 | AAP20: 3710 | AAQ20: 3790 | AAR20: 3608 | AAS20: 3667 | AAT20: 3801 | AAU20: 4074 | AAV20: 3781 | AAW20: 3894 | AAX20: 3768 | AAY20: 3822 | AAZ20: 3991 | ABB20: 3766 | ABC20: 3747 | ABD20: 3910 | ABE20: 3845 | ABF20: 3846 | ABG20: 3604 | ABH20: 3887 | ABI20: 3946 | ABJ20: 4006 | ABK20: 4014 | ABL20: 3815 | ABM20: 4119 | ABO20: 3978 | ABP20: 3890 | ABQ20: 3847 | ABR20: 3863 | ABS20: 3894 | ABT20: 3863 | ABU20: 3993 | ABV20: 3875 | ABW20: 3934 | ABX20: 4044 | ABY20: 4037 | ABZ20: 4095 | ACB20: 3935 | ACC20: 3791 | ACD20: 4011 | ACE20: 4229 | ACF20: 4132 | ACG20: 4136 | ACH20: 4244 | ACI20: 4086 | ACJ20: 4154 | ACK20: 3904 | ACL20: 4175 | ACM20: 4137 | ACO20: 4283 | ACP20: 4333 | ACQ20: 4191 | ACR20: 4502 | ACS20: 3961 | ACT20: 4035 | ACU20: 3998 | ACV20: 4412 | ACW20: 3685 | ACX20: 4277 | ACY20: 3772 | ACZ20: 4160 | ADB20: 3630 | ADC20: 4048 | ADD20: 3957 | ADE20: 3886 | ADF20: 3819 | ADG20: 4031 | ADH20: 3974 | ADI20: 3756 | ADJ20: 3944 | ADK20: 3701 | ADL20: 3867 | ADM20: 3797 | ADO20: 4031 | ADP20: 3574 | ADQ20: 3784 | ADR20: 3676 | ADS20: 3472 | ADT20: 3628 | ADU20: 3498 | ADV20: 3765 | ADW20: 3833 | ADX20: 3587 | ADY20: 3409 | ADZ20: 3858 | AEB20: 3454 | AEC20: 3569 | AED20: 3742 | AEE20: 3481 | AEF20: 3830 | AEG20: 3583 | AEH20: 3574 | AEI20: 3532 | AEJ20: 3542 | AEK20: 3982 | AEL20: 3582 | AEM20: 3692 | AEO20: 3685 | AEP20: 3672 | AEQ20: 3543 | AER20: 3575 | AES20: 3749 | AET20: 3866 | AEU20: 3816 | AEV20: 3541 | AEW20: 3484 | AEX20: 3740 | AEY20: 3601 | AEZ20: 3916 | AFB20: 3978 | AFC20: 3535 | AFD20: 3773 | AFE20: 3966 | AFF20: 3672 | AFG20: 3750 | AFH20: 3896 | AFI20: 4080 | AFJ20: 3466 | AFK20: 3673 | AFL20: 3939 | AFM20: 3754 | AFO20: 3745 | AFP20: 4015 | AFQ20: 4204 | AFR20: 3941 | AFS20: 3825 | AFT20: 4003 | AFU20: 3854 | AFV20: 4068 | AFW20: 3955
A21: LNS17900000 | UC21: 1360 | UD21: 1466 | UE21: 1394 | UF21: 1313 | UG21: 1393 | UH21: 1391 | UI21: 1355 | UJ21: 1378 | UK21: 1413 | UL21: 1455 | UM21: 1490 | UO21: 1582 | UP21: 1522 | UQ21: 1510 | UR21: 1493 | US21: 1613 | UT21: 1612 | UU21: 1665 | UV21: 1610 | UW21: 1588 | UX21: 1675 | UY21: 1595 | UZ21: 1673 | VB21: 1616 | VC21: 1542 | VD21: 1623 | VE21: 1740 | VF21: 1633 | VG21: 1627 | VH21: 1839 | VI21: 1721 | VJ21: 1803 | VK21: 1909 | VL21: 1609 | VM21: 1813 | VO21: 1747 | VP21: 1846 | VQ21: 1732 | VR21: 1651 | VS21: 1532 | VT21: 1578 | VU21: 1725 | VV21: 1689 | VW21: 1718 | VX21: 1629 | VY21: 1690 | VZ21: 1684 | WB21: 1663 | WC21: 1782 | WD21: 1911 | WE21: 1909 | WF21: 1899 | WG21: 1961 | WH21: 1832 | WI21: 1778 | WJ21: 1772 | WK21: 1723 | WL21: 1820 | WM21: 1708 | WO21: 1678 | WP21: 1686 | WQ21: 1576 | WR21: 1534 | WS21: 1834 | WT21: 1695 | WU21: 1661 | WV21: 1693 | WW21: 1785 | WX21: 1811 | WY21: 1694 | WZ21: 1718 | XB21: 1682 | XC21: 1759 | XD21: 1689 | XE21: 1641 | XF21: 1754 | XG21: 1839 | XH21: 1601 | XI21: 1671 | XJ21: 1640 | XK21: 1464 | XL21: 1617 | XM21: 1593 | XO21: 1647 | XP21: 1609 | XQ21: 1569 | XR21: 1644 | XS21: 1593 | XT21: 1538 | XU21: 1539 | XV21: 1677 | XW21: 1534 | XX21: 1587 | XY21: 1511 | XZ21: 1478 | YB21: 1552 | YC21: 1606 | YD21: 1587 | YE21: 1582 | YF21: 1432 | YG21: 1331 | YH21: 1473 | YI21: 1461 | YJ21: 1447 | YK21: 1511 | YL21: 1595 | YM21: 1576 | YO21: 1488 | YP21: 1442 | YQ21: 1471 | YR21: 1438 | YS21: 1528 | YT21: 1316 | YU21: 1360 | YV21: 1413 | YW21: 1292 | YX21: 1457 | YY21: 1404 | YZ21: 1401 | ZB21: 1256 | ZC21: 1395 | ZD21: 1451 | ZE21: 1398 | ZF21: 1379 | ZG21: 1491 | ZH21: 1289 | ZI21: 1422 | ZJ21: 1497 | ZK21: 1273 | ZL21: 1244 | ZM21: 1293 | ZO21: 1258 | ZP21: 1436 | ZQ21: 1478 | ZR21: 1536 | ZS21: 1462 | ZT21: 1437 | ZU21: 1456 | ZV21: 1454 | ZW21: 1550 | ZX21: 1562 | ZY21: 1624 | ZZ21: 1680 | AAB21: 1796 | AAC21: 1608 | AAD21: 1655 | AAE21: 1651 | AAF21: 1814 | AAG21: 1786 | AAH21: 1975 | AAI21: 1713 | AAJ21: 1714 | AAK21: 1778 | AAL21: 1819 | AAM21: 1777 | AAO21: 1988 | AAP21: 1796 | AAQ21: 2015 | AAR21: 1778 | AAS21: 1897 | AAT21: 1828 | AAU21: 2005 | AAV21: 2016 | AAW21: 1912 | AAX21: 1997 | AAY21: 1845 | AAZ21: 1892 | ABB21: 1661 | ABC21: 1948 | ABD21: 1871 | ABE21: 1879 | ABF21: 1766 | ABG21: 1797 | ABH21: 1845 | ABI21: 1974 | ABJ21: 1886 | ABK21: 1740 | ABL21: 1780 | ABM21: 1797 | ABO21: 1733 | ABP21: 1648 | ABQ21: 1853 | ABR21: 1716 | ABS21: 1777 | ABT21: 1819 | ABU21: 1816 | ABV21: 1721 | ABW21: 1780 | ABX21: 1817 | ABY21: 1712 | ABZ21: 2004 | ACB21: 1800 | ACC21: 1672 | ACD21: 1745 | ACE21: 1733 | ACF21: 1745 | ACG21: 1734 | ACH21: 1711 | ACI21: 1738 | ACJ21: 1683 | ACK21: 1739 | ACL21: 1488 | ACM21: 1600 | ACO21: 1544 | ACP21: 1741 | ACQ21: 1630 | ACR21: 1502 | ACS21: 1559 | ACT21: 1598 | ACU21: 1582 | ACV21: 1592 | ACW21: 1606 | ACX21: 1637 | ACY21: 1697 | ACZ21: 1496 | ADB21: 1567 | ADC21: 1873 | ADD21: 1712 | ADE21: 1905 | ADF21: 1666 | ADG21: 1819 | ADH21: 1736 | ADI21: 1919 | ADJ21: 2091 | ADK21: 1998 | ADL21: 2090 | ADM21: 2240 | ADO21: 2230 | ADP21: 2323 | ADQ21: 2490 | ADR21: 2423 | ADS21: 2590 | ADT21: 2554 | ADU21: 2770 | ADV21: 2877 | ADW21: 2658 | ADX21: 2778 | ADY21: 2785 | ADZ21: 2944 | AEB21: 2845 | AEC21: 2786 | AED21: 2838 | AEE21: 2740 | AEF21: 3010 | AEG21: 3040 | AEH21: 2851 | AEI21: 2882 | AEJ21: 2952 | AEK21: 2867 | AEL21: 2814 | AEM21: 3168 | AEO21: 3048 | AEP21: 2895 | AEQ21: 2774 | AER21: 2841 | AES21: 2814 | AET21: 2790 | AEU21: 2955 | AEV21: 2744 | AEW21: 2978 | AEX21: 2682 | AEY21: 2769 | AEZ21: 2733 | AFB21: 2842 | AFC21: 2637 | AFD21: 2743 | AFE21: 2669 | AFF21: 2610 | AFG21: 2667 | AFH21: 2693 | AFI21: 2933 | AFJ21: 2783 | AFK21: 2702 | AFL21: 2890 | AFM21: 2735 | AFO21: 2563 | AFP21: 2762 | AFQ21: 2745 | AFR21: 2469 | AFS21: 2416 | AFT21: 2481 | AFU21: 2619 | AFV21: 2658 | AFW21: 2425
A22: LNS18000000 | UC22: 57654 | UD22: 57812 | UE22: 58024 | UF22: 58364 | UG22: 58502 | UH22: 58571 | UI22: 58690 | UJ22: 58671 | UK22: 58843 | UL22: 58804 | UM22: 58998 | UO22: 59193 | UP22: 59474 | UQ22: 59345 | UR22: 59318 | US22: 59294 | UT22: 59498 | UU22: 59782 | UV22: 59992 | UW22: 59864 | UX22: 59843 | UY22: 60135 | UZ22: 60262 | VB22: 59898 | VC22: 60135 | VD22: 59830 | VE22: 59693 | VF22: 59384 | VG22: 59385 | VH22: 59128 | VI22: 59398 | VJ22: 59557 | VK22: 59915 | VL22: 60291 | VM22: 60128 | VO22: 60356 | VP22: 60348 | VQ22: 60688 | VR22: 60707 | VS22: 60523 | VT22: 60523 | VU22: 60515 | VV22: 60433 | VW22: 60598 | VX22: 60963 | VY22: 60892 | VZ22: 60785 | WB22: 60397 | WC22: 59916 | WD22: 60139 | WE22: 60507 | WF22: 60473 | WG22: 60611 | WH22: 60862 | WI22: 60648 | WJ22: 60614 | WK22: 60541 | WL22: 60400 | WM22: 60393 | WO22: 60515 | WP22: 60791 | WQ22: 60843 | WR22: 60451 | WS22: 60880 | WT22: 61202 | WU22: 61161 | WV22: 61180 | WW22: 61090 | WX22: 61117 | WY22: 61368 | WZ22: 61861 | XB22: 61960 | XC22: 61594 | XD22: 61610 | XE22: 61655 | XF22: 61455 | XG22: 61495 | XH22: 61235 | XI22: 61449 | XJ22: 61591 | XK22: 61443 | XL22: 61382 | XM22: 61636 | XO22: 61431 | XP22: 61803 | XQ22: 61525 | XR22: 61497 | XS22: 61564 | XT22: 61699 | XU22: 61747 | XV22: 61553 | XW22: 61773 | XX22: 62001 | XY22: 61945 | XZ22: 61672 | YB22: 61910 | YC22: 62059 | YD22: 62077 | YE22: 62306 | YF22: 62464 | YG22: 62467 | YH22: 62426 | YI22: 62325 | YJ22: 62141 | YK22: 62137 | YL22: 62250 | YM22: 62256 | YO22: 62132 | YP22: 62466 | YQ22: 62808 | YR22: 62792 | YS22: 62847 | YT22: 62994 | YU22: 62877 | YV22: 63103 | YW22: 63246 | YX22: 63311 | YY22: 63315 | YZ22: 63270 | ZB22: 63235 | ZC22: 63702 | ZD22: 63829 | ZE22: 64029 | ZF22: 64218 | ZG22: 64415 | ZH22: 64936 | ZI22: 64993 | ZJ22: 64989 | ZK22: 65290 | ZL22: 65145 | ZM22: 65132 | ZO22: 64689 | ZP22: 64506 | ZQ22: 64777 | ZR22: 64947 | ZS22: 65494 | ZT22: 65896 | ZU22: 65761 | ZV22: 65834 | ZW22: 65989 | ZX22: 66104 | ZY22: 66199 | ZZ22: 66167 | AAB22: 66587 | AAC22: 66658 | AAD22: 66452 | AAE22: 66543 | AAF22: 66331 | AAG22: 66551 | AAH22: 66840 | AAI22: 67074 | AAJ22: 67128 | AAK22: 66931 | AAL22: 67344 | AAM22: 67941 | AAO22: 67645 | AAP22: 68202 | AAQ22: 68221 | AAR22: 68361 | AAS22: 68368 | AAT22: 68047 | AAU22: 68317 | AAV22: 68923 | AAW22: 69092 | AAX22: 69137 | AAY22: 69306 | AAZ22: 69587 | ABB22: 69605 | ABC22: 69687 | ABD22: 69534 | ABE22: 69880 | ABF22: 69978 | ABG22: 69999 | ABH22: 69663 | ABI22: 69898 | ABJ22: 70306 | ABK22: 70330 | ABL22: 70356 | ABM22: 70343 | ABO22: 70751 | ABP22: 70846 | ABQ22: 70831 | ABR22: 70653 | ABS22: 70433 | ABT22: 70649 | ABU22: 70593 | ABV22: 70709 | ABW22: 70670 | ABX22: 70786 | ABY22: 70989 | ABZ22: 70967 | ACB22: 71212 | ACC22: 71316 | ACD22: 71097 | ACE22: 71054 | ACF22: 71187 | ACG22: 71107 | ACH22: 71284 | ACI22: 71290 | ACJ22: 71607 | ACK22: 71702 | ACL22: 71503 | ACM22: 71285 | ACO22: 71146 | ACP22: 71471 | ACQ22: 71865 | ACR22: 72510 | ACS22: 72935 | ACT22: 72778 | ACU22: 72958 | ACV22: 73101 | ACW22: 73432 | ACX22: 73274 | ACY22: 73326 | ACZ22: 73281 | ADB22: 72994 | ADC22: 72904 | ADD22: 73140 | ADE22: 73299 | ADF22: 73281 | ADG22: 73156 | ADH22: 73204 | ADI22: 73459 | ADJ22: 73394 | ADK22: 73666 | ADL22: 73948 | ADM22: 74051 | ADO22: 73907 | ADP22: 74222 | ADQ22: 74340 | ADR22: 74375 | ADS22: 74361 | ADT22: 74447 | ADU22: 74576 | ADV22: 74841 | ADW22: 75683 | ADX22: 76024 | ADY22: 76361 | ADZ22: 76664 | AEB22: 76757 | AEC22: 76644 | AED22: 76348 | AEE22: 76235 | AEF22: 76247 | AEG22: 77056 | AEH22: 77328 | AEI22: 77309 | AEJ22: 77478 | AEK22: 77714 | AEL22: 77883 | AEM22: 78048 | AEO22: 78364 | AEP22: 78689 | AEQ22: 79024 | AER22: 78960 | AES22: 78926 | AET22: 79130 | AEU22: 79164 | AEV22: 79558 | AEW22: 79173 | AEX22: 79512 | AEY22: 79662 | AEZ22: 79753 | AFB22: 80083 | AFC22: 81084 | AFD22: 81080 | AFE22: 81391 | AFF22: 81358 | AFG22: 81283 | AFH22: 81300 | AFI22: 81543 | AFJ22: 82118 | AFK22: 81713 | AFL22: 81678 | AFM22: 82036 | AFO22: 82271 | AFP22: 82220 | AFQ22: 82704 | AFR22: 83240 | AFS22: 83162 | AFT22: 82920 | AFU22: 82996 | AFV22: 83403 | AFW22: 83896
A23: LNS18100000 | UC23: 210 | UD23: 184 | UE23: 216 | UF23: 217 | UG23: 201 | UH23: 197 | UI23: 201 | UJ23: 232 | UK23: 222 | UL23: 233 | UM23: 201 | UO23: 195 | UP23: 233 | UQ23: 206 | UR23: 199 | US23: 209 | UT23: 190 | UU23: 189 | UV23: 283 | UW23: 243 | UX23: 252 | UY23: 225 | UZ23: 190 | VB23: 243 | VC23: 205 | VD23: 197 | VE23: 212 | VF23: 213 | VG23: 203 | VH23: 326 | VI23: 203 | VJ23: 215 | VK23: 281 | VL23: 237 | VM23: 178 | VO23: 273 | VP23: 221 | VQ23: 173 | VR23: 228 | VS23: 202 | VT23: 219 | VU23: 217 | VV23: 217 | VW23: 241 | VX23: 268 | VY23: 244 | VZ23: 207 | WB23: 219 | WC23: 192 | WD23: 172 | WE23: 196 | WF23: 166 | WG23: 219 | WH23: 198 | WI23: 204 | WJ23: 246 | WK23: 193 | WL23: 195 | WM23: 181 | WO23: 205 | WP23: 200 | WQ23: 178 | WR23: 182 | WS23: 177 | WT23: 182 | WU23: 197 | WV23: 196 | WW23: 228 | WX23: 172 | WY23: 227 | WZ23: 175 | XB23: 202 | XC23: 233 | XD23: 191 | XE23: 234 | XF23: 205 | XG23: 202 | XH23: 208 | XI23: 265 | XJ23: 198 | XK23: 217 | XL23: 229 | XM23: 188 | XO23: 394 | XP23: 180 | XQ23: 192 | XR23: 186 | XS23: 227 | XT23: 199 | XU23: 247 | XV23: 234 | XW23: 219 | XX23: 243 | XY23: 214 | XZ23: 226 | YB23: 229 | YC23: 245 | YD23: 214 | YE23: 229 | YF23: 213 | YG23: 213 | YH23: 252 | YI23: 237 | YJ23: 234 | YK23: 233 | YL23: 201 | YM23: 175 | YO23: 431 | YP23: 258 | YQ23: 305 | YR23: 311 | YS23: 251 | YT23: 263 | YU23: 301 | YV23: 282 | YW23: 325 | YX23: 288 | YY23: 256 | YZ23: 277 | ZB23: 1060 | ZC23: 285 | ZD23: 262 | ZE23: 293 | ZF23: 265 | ZG23: 274 | ZH23: 253 | ZI23: 301 | ZJ23: 259 | ZK23: 291 | ZL23: 297 | ZM23: 315 | ZO23: 247 | ZP23: 298 | ZQ23: 290 | ZR23: 281 | ZS23: 295 | ZT23: 301 | ZU23: 282 | ZV23: 326 | ZW23: 300 | ZX23: 261 | ZY23: 334 | ZZ23: 281 | AAB23: 343 | AAC23: 325 | AAD23: 244 | AAE23: 286 | AAF23: 298 | AAG23: 274 | AAH23: 291 | AAI23: 388 | AAJ23: 300 | AAK23: 360 | AAL23: 306 | AAM23: 255 | AAO23: 623 | AAP23: 306 | AAQ23: 269 | AAR23: 318 | AAS23: 336 | AAT23: 282 | AAU23: 371 | AAV23: 342 | AAW23: 351 | AAX23: 421 | AAY23: 308 | AAZ23: 311 | ABB23: 287 | ABC23: 267 | ABD23: 291 | ABE23: 303 | ABF23: 312 | ABG23: 336 | ABH23: 335 | ABI23: 295 | ABJ23: 328 | ABK23: 314 | ABL23: 308 | ABM23: 321 | ABO23: 346 | ABP23: 293 | ABQ23: 315 | ABR23: 282 | ABS23: 306 | ABT23: 342 | ABU23: 318 | ABV23: 337 | ABW23: 355 | ABX23: 310 | ABY23: 401 | ABZ23: 328 | ACB23: 393 | ACC23: 344 | ACD23: 308 | ACE23: 303 | ACF23: 295 | ACG23: 340 | ACH23: 295 | ACI23: 338 | ACJ23: 313 | ACK23: 289 | ACL23: 333 | ACM23: 354 | ACO23: 533 | ACP23: 307 | ACQ23: 296 | ACR23: 304 | ACS23: 355 | ACT23: 260 | ACU23: 366 | ACV23: 357 | ACW23: 324 | ACX23: 344 | ACY23: 310 | ACZ23: 301 | ADB23: 362 | ADC23: 332 | ADD23: 277 | ADE23: 339 | ADF23: 336 | ADG23: 308 | ADH23: 481 | ADI23: 332 | ADJ23: 361 | ADK23: 372 | ADL23: 283 | ADM23: 292 | ADO23: 338 | ADP23: 269 | ADQ23: 330 | ADR23: 318 | ADS23: 287 | ADT23: 316 | ADU23: 520 | ADV23: 304 | ADW23: 334 | ADX23: 357 | ADY23: 301 | ADZ23: 338 | AEB23: 321 | AEC23: 297 | AED23: 272 | AEE23: 294 | AEF23: 302 | AEG23: 388 | AEH23: 428 | AEI23: 299 | AEJ23: 384 | AEK23: 286 | AEL23: 296 | AEM23: 332 | AEO23: 362 | AEP23: 325 | AEQ23: 300 | AER23: 292 | AES23: 272 | AET23: 335 | AEU23: 411 | AEV23: 322 | AEW23: 362 | AEX23: 326 | AEY23: 312 | AEZ23: 238 | AFB23: 1011 | AFC23: 355 | AFD23: 302 | AFE23: 306 | AFF23: 328 | AFG23: 307 | AFH23: 470 | AFI23: 363 | AFJ23: 349 | AFK23: 319 | AFL23: 348 | AFM23: 314 | AFO23: 429 | AFP23: 307 | AFQ23: 315 | AFR23: 286 | AFS23: 302 | AFT23: 312 | AFU23: 488 | AFV23: 344 | AFW23: 334
A24: LNS18200000 | UC24: 25 | UD24: 18 | UE24: 18 | UF24: 23 | UG24: 21 | UH24: 42 | UI24: 19 | UJ24: 19 | UK24: 19 | UL24: 28 | UM24: 19 | UO24: 19 | UP24: 49 | UQ24: 22 | UR24: 19 | US24: 19 | UT24: 19 | UU24: 19 | UV24: 40 | UW24: 19 | UX24: 19 | UY24: 19 | UZ24: 19 | VB24: 28 | VC24: 23 | VD24: 19 | VE24: 19 | VF24: 19 | VG24: 19 | VH24: 70 | VI24: 19 | VJ24: 19 | VK24: 19 | VL24: 19 | VM24: 19 | VO24: 25 | VP24: 19 | VQ24: 19 | VR24: 19 | VS24: 19 | VT24: 19 | VU24: 19 | VV24: 19 | VW24: 19 | VX24: 19 | VY24: 19 | VZ24: 19 | WB24: 19 | WC24: 19 | WD24: 19 | WE24: 19 | WF24: 19 | WG24: 19 | WH24: 19 | WI24: 19 | WJ24: 19 | WK24: 19 | WL24: 19 | WM24: 19 | WO24: 132 | WP24: 19 | WQ24: 19 | WR24: 19 | WS24: 19 | WT24: 19 | WU24: 19 | WV24: 19 | WW24: 19 | WX24: 20 | WY24: 20 | WZ24: 20 | XB24: 25 | XC24: 20 | XD24: 20 | XE24: 20 | XF24: 20 | XG24: 20 | XH24: 20 | XI24: 20 | XJ24: 20 | XK24: 20 | XL24: 20 | XM24: 20 | XO24: 20 | XP24: 20 | XQ24: 20 | XR24: 20 | XS24: 20 | XT24: 20 | XU24: 20 | XV24: 20 | XW24: 20 | XX24: 20 | XY24: 20 | XZ24: 20 | YB24: 42 | YC24: 20 | YD24: 20 | YE24: 20 | YF24: 20 | YG24: 20 | YH24: 20 | YI24: 20 | YJ24: 20 | YK24: 20 | YL24: 20 | YM24: 20 | YO24: 145 | YP24: 26 | YQ24: 40 | YR24: 44 | YS24: 20 | YT24: 22 | YU24: 40 | YV24: 24 | YW24: 42 | YX24: 20 | YY24: 20 | YZ24: 27 | ZB24: 20 | ZC24: 32 | ZD24: 21 | ZE24: 21 | ZF24: 21 | ZG24: 31 | ZH24: 21 | ZI24: 32 | ZJ24: 21 | ZK24: 21 | ZL24: 86 | ZM24: 94 | ZO24: 21 | ZP24: 21 | ZQ24: 21 | ZR24: 24 | ZS24: 21 | ZT24: 30 | ZU24: 21 | ZV24: 22 | ZW24: 21 | ZX24: 21 | ZY24: 30 | ZZ24: 21 | AAB24: 49 | AAC24: 44 | AAD24: 21 | AAE24: 24 | AAF24: 25 | AAG24: 21 | AAH24: 21 | AAI24: 41 | AAJ24: 21 | AAK24: 41 | AAL24: 24 | AAM24: 21 | AAO24: 21 | AAP24: 22 | AAQ24: 22 | AAR24: 22 | AAS24: 22 | AAT24: 22 | AAU24: 37 | AAV24: 22 | AAW24: 22 | AAX24: 47 | AAY24: 22 | AAZ24: 22 | ABB24: 313 | ABC24: 22 | ABD24: 22 | ABE24: 22 | ABF24: 22 | ABG24: 39 | ABH24: 33 | ABI24: 22 | ABJ24: 22 | ABK24: 22 | ABL24: 22 | ABM24: 22 | ABO24: 43 | ABP24: 22 | ABQ24: 22 | ABR24: 22 | ABS24: 22 | ABT24: 27 | ABU24: 22 | ABV24: 22 | ABW24: 26 | ABX24: 22 | ABY24: 58 | ABZ24: 22 | ACB24: 99 | ACC24: 24 | ACD24: 22 | ACE24: 22 | ACF24: 22 | ACG24: 30 | ACH24: 22 | ACI24: 28 | ACJ24: 23 | ACK24: 23 | ACL24: 36 | ACM24: 23 | ACO24: 23 | ACP24: 23 | ACQ24: 23 | ACR24: 23 | ACS24: 23 | ACT24: 23 | ACU24: 23 | ACV24: 23 | ACW24: 23 | ACX24: 23 | ACY24: 23 | ACZ24: 23 | ADB24: 520 | ADC24: 31 | ADD24: 23 | ADE24: 23 | ADF24: 23 | ADG24: 23 | ADH24: 100 | ADI24: 23 | ADJ24: 23 | ADK24: 27 | ADL24: 23 | ADM24: 23 | ADO24: 305 | ADP24: 23 | ADQ24: 23 | ADR24: 23 | ADS24: 23 | ADT24: 23 | ADU24: 108 | ADV24: 23 | ADW24: 23 | ADX24: 23 | ADY24: 23 | ADZ24: 23 | AEB24: 162 | AEC24: 23 | AED24: 23 | AEE24: 23 | AEF24: 23 | AEG24: 41 | AEH24: 63 | AEI24: 23 | AEJ24: 31 | AEK24: 23 | AEL24: 23 | AEM24: 23 | AEO24: 226 | AEP24: 24 | AEQ24: 35 | AER24: 23 | AES24: 23 | AET24: 32 | AEU24: 54 | AEV24: 24 | AEW24: 24 | AEX24: 24 | AEY24: 24 | AEZ24: 24 | AFB24: 73 | AFC24: 30 | AFD24: 24 | AFE24: 24 | AFF24: 24 | AFG24: 24 | AFH24: 84 | AFI24: 24 | AFJ24: 24 | AFK24: 24 | AFL24: 24 | AFM24: 24 | AFO24: 24 | AFP24: 24 | AFQ24: 24 | AFR24: 24 | AFS24: 24 | AFT24: 24 | AFU24: 92 | AFV24: 24 | AFW24: 24
A25: LNS18300000 | UC25: 2 | UD25: 1 | UE25: 1 | UF25: 2 | UG25: 1 | UH25: 3 | UI25: 1 | UJ25: 1 | UK25: 1 | UL25: 2 | UM25: 1 | UO25: 1 | UP25: 3 | UQ25: 2 | UR25: 1 | US25: 1 | UT25: 1 | UU25: 1 | UV25: 3 | UW25: 1 | UX25: 1 | UY25: 1 | UZ25: 1 | VB25: 2 | VC25: 2 | VD25: 1 | VE25: 1 | VF25: 1 | VG25: 1 | VH25: 6 | VI25: 1 | VJ25: 1 | VK25: 1 | VL25: 1 | VM25: 1 | VO25: 2 | VP25: 1 | VQ25: 1 | VR25: 1 | VS25: 1 | VT25: 1 | VU25: 1 | VV25: 1 | VW25: 1 | VX25: 1 | VY25: 1 | VZ25: 1 | WB25: 1 | WC25: 1 | WD25: 1 | WE25: 1 | WF25: 1 | WG25: 1 | WH25: 1 | WI25: 1 | WJ25: 1 | WK25: 1 | WL25: 1 | WM25: 1 | WO25: 8 | WP25: 1 | WQ25: 1 | WR25: 1 | WS25: 1 | WT25: 1 | WU25: 1 | WV25: 1 | WW25: 1 | WX25: 1 | WY25: 1 | WZ25: 1 | XB25: 2 | XC25: 1 | XD25: 1 | XE25: 1 | XF25: 1 | XG25: 1 | XH25: 1 | XI25: 1 | XJ25: 1 | XK25: 1 | XL25: 1 | XM25: 1 | XO25: 1 | XP25: 1 | XQ25: 1 | XR25: 1 | XS25: 1 | XT25: 1 | XU25: 1 | XV25: 1 | XW25: 1 | XX25: 1 | XY25: 1 | XZ25: 1 | YB25: 2 | YC25: 1 | YD25: 1 | YE25: 1 | YF25: 1 | YG25: 1 | YH25: 1 | YI25: 1 | YJ25: 1 | YK25: 1 | YL25: 1 | YM25: 1 | YO25: 7 | YP25: 2 | YQ25: 2 | YR25: 2 | YS25: 1 | YT25: 1 | YU25: 2 | YV25: 2 | YW25: 2 | YX25: 1 | YY25: 1 | YZ25: 2 | ZB25: 1 | ZC25: 2 | ZD25: 1 | ZE25: 1 | ZF25: 1 | ZG25: 2 | ZH25: 1 | ZI25: 2 | ZJ25: 1 | ZK25: 1 | ZL25: 4 | ZM25: 4 | ZO25: 1 | ZP25: 1 | ZQ25: 1 | ZR25: 2 | ZS25: 1 | ZT25: 2 | ZU25: 1 | ZV25: 2 | ZW25: 1 | ZX25: 1 | ZY25: 2 | ZZ25: 1 | AAB25: 3 | AAC25: 3 | AAD25: 1 | AAE25: 2 | AAF25: 2 | AAG25: 1 | AAH25: 1 | AAI25: 3 | AAJ25: 1 | AAK25: 3 | AAL25: 2 | AAM25: 1 | AAO25: 1 | AAP25: 1 | AAQ25: 1 | AAR25: 1 | AAS25: 1 | AAT25: 1 | AAU25: 2 | AAV25: 1 | AAW25: 1 | AAX25: 3 | AAY25: 1 | AAZ25: 2 | ABB25: 19 | ABC25: 2 | ABD25: 2 | ABE25: 2 | ABF25: 2 | ABG25: 2 | ABH25: 2 | ABI25: 2 | ABJ25: 2 | ABK25: 2 | ABL25: 2 | ABM25: 2 | ABO25: 3 | ABP25: 2 | ABQ25: 2 | ABR25: 2 | ABS25: 2 | ABT25: 2 | ABU25: 2 | ABV25: 2 | ABW25: 2 | ABX25: 2 | ABY25: 3 | ABZ25: 2 | ACB25: 5 | ACC25: 2 | ACD25: 2 | ACE25: 2 | ACF25: 2 | ACG25: 2 | ACH25: 2 | ACI25: 2 | ACJ25: 2 | ACK25: 2 | ACL25: 2 | ACM25: 2 | ACO25: 2 | ACP25: 2 | ACQ25: 2 | ACR25: 2 | ACS25: 2 | ACT25: 2 | ACU25: 2 | ACV25: 2 | ACW25: 2 | ACX25: 2 | ACY25: 2 | ACZ25: 2 | ADB25: 28 | ADC25: 2 | ADD25: 2 | ADE25: 2 | ADF25: 2 | ADG25: 2 | ADH25: 6 | ADI25: 2 | ADJ25: 2 | ADK25: 2 | ADL25: 2 | ADM25: 2 | ADO25: 24 | ADP25: 2 | ADQ25: 2 | ADR25: 2 | ADS25: 2 | ADT25: 2 | ADU25: 11 | ADV25: 2 | ADW25: 2 | ADX25: 2 | ADY25: 2 | ADZ25: 2 | AEB25: 17 | AEC25: 2 | AED25: 2 | AEE25: 2 | AEF25: 2 | AEG25: 4 | AEH25: 6 | AEI25: 2 | AEJ25: 3 | AEK25: 2 | AEL25: 2 | AEM25: 2 | AEO25: 21 | AEP25: 2 | AEQ25: 3 | AER25: 2 | AES25: 2 | AET25: 2 | AEU25: 4 | AEV25: 2 | AEW25: 2 | AEX25: 2 | AEY25: 2 | AEZ25: 2 | AFB25: 6 | AFC25: 2 | AFD25: 2 | AFE25: 2 | AFF25: 2 | AFG25: 2 | AFH25: 7 | AFI25: 2 | AFJ25: 2 | AFK25: 2 | AFL25: 2 | AFM25: 2 | AFO25: 2 | AFP25: 2 | AFQ25: 2 | AFR25: 2 | AFS25: 2 | AFT25: 2 | AFU25: 7 | AFV25: 2 | AFW25: 2
A26: LNS18400000 | UC26: 149 | UD26: 147 | UE26: 147 | UF26: 151 | UG26: 149 | UH26: 155 | UI26: 147 | UJ26: 147 | UK26: 148 | UL26: 151 | UM26: 148 | UO26: 148 | UP26: 158 | UQ26: 149 | UR26: 148 | US26: 148 | UT26: 149 | UU26: 149 | UV26: 159 | UW26: 149 | UX26: 149 | UY26: 149 | UZ26: 149 | VB26: 153 | VC26: 151 | VD26: 150 | VE26: 150 | VF26: 150 | VG26: 150 | VH26: 171 | VI26: 150 | VJ26: 150 | VK26: 151 | VL26: 151 | VM26: 151 | VO26: 156 | VP26: 151 | VQ26: 151 | VR26: 151 | VS26: 151 | VT26: 152 | VU26: 152 | VV26: 152 | VW26: 152 | VX26: 152 | VY26: 152 | VZ26: 152 | WB26: 153 | WC26: 153 | WD26: 153 | WE26: 153 | WF26: 153 | WG26: 153 | WH26: 153 | WI26: 153 | WJ26: 154 | WK26: 154 | WL26: 154 | WM26: 154 | WO26: 193 | WP26: 154 | WQ26: 154 | WR26: 154 | WS26: 154 | WT26: 154 | WU26: 155 | WV26: 155 | WW26: 155 | WX26: 155 | WY26: 155 | WZ26: 155 | XB26: 157 | XC26: 156 | XD26: 156 | XE26: 156 | XF26: 156 | XG26: 156 | XH26: 156 | XI26: 156 | XJ26: 156 | XK26: 157 | XL26: 157 | XM26: 157 | XO26: 157 | XP26: 157 | XQ26: 158 | XR26: 158 | XS26: 158 | XT26: 158 | XU26: 158 | XV26: 158 | XW26: 158 | XX26: 159 | XY26: 159 | XZ26: 159 | YB26: 167 | YC26: 159 | YD26: 159 | YE26: 159 | YF26: 159 | YG26: 160 | YH26: 160 | YI26: 160 | YJ26: 160 | YK26: 160 | YL26: 160 | YM26: 160 | YO26: 204 | YP26: 165 | YQ26: 168 | YR26: 175 | YS26: 161 | YT26: 163 | YU26: 169 | YV26: 163 | YW26: 170 | YX26: 162 | YY26: 162 | YZ26: 167 | ZB26: 163 | ZC26: 173 | ZD26: 165 | ZE26: 165 | ZF26: 165 | ZG26: 169 | ZH26: 166 | ZI26: 170 | ZJ26: 166 | ZK26: 166 | ZL26: 212 | ZM26: 192 | ZO26: 166 | ZP26: 167 | ZQ26: 167 | ZR26: 169 | ZS26: 167 | ZT26: 174 | ZU26: 167 | ZV26: 168 | ZW26: 168 | ZX26: 168 | ZY26: 172 | ZZ26: 168 | AAB26: 179 | AAC26: 185 | AAD26: 169 | AAE26: 171 | AAF26: 172 | AAG26: 169 | AAH26: 169 | AAI26: 183 | AAJ26: 170 | AAK26: 177 | AAL26: 172 | AAM26: 170 | AAO26: 170 | AAP26: 171 | AAQ26: 171 | AAR26: 172 | AAS26: 172 | AAT26: 172 | AAU26: 183 | AAV26: 172 | AAW26: 173 | AAX26: 191 | AAY26: 173 | AAZ26: 173 | ABB26: 358 | ABC26: 173 | ABD26: 173 | ABE26: 173 | ABF26: 174 | ABG26: 186 | ABH26: 178 | ABI26: 174 | ABJ26: 174 | ABK26: 174 | ABL26: 175 | ABM26: 175 | ABO26: 188 | ABP26: 175 | ABQ26: 175 | ABR26: 175 | ABS26: 176 | ABT26: 178 | ABU26: 176 | ABV26: 176 | ABW26: 178 | ABX26: 177 | ABY26: 191 | ABZ26: 177 | ACB26: 217 | ACC26: 179 | ACD26: 177 | ACE26: 178 | ACF26: 178 | ACG26: 181 | ACH26: 178 | ACI26: 182 | ACJ26: 179 | ACK26: 179 | ACL26: 189 | ACM26: 179 | ACO26: 179 | ACP26: 180 | ACQ26: 180 | ACR26: 180 | ACS26: 181 | ACT26: 180 | ACU26: 181 | ACV26: 181 | ACW26: 181 | ACX26: 181 | ACY26: 181 | ACZ26: 181 | ADB26: 428 | ADC26: 187 | ADD26: 181 | ADE26: 182 | ADF26: 182 | ADG26: 182 | ADH26: 224 | ADI26: 182 | ADJ26: 182 | ADK26: 186 | ADL26: 183 | ADM26: 183 | ADO26: 328 | ADP26: 183 | ADQ26: 183 | ADR26: 183 | ADS26: 183 | ADT26: 183 | ADU26: 228 | ADV26: 184 | ADW26: 184 | ADX26: 184 | ADY26: 184 | ADZ26: 184 | AEB26: 261 | AEC26: 184 | AED26: 185 | AEE26: 185 | AEF26: 185 | AEG26: 195 | AEH26: 204 | AEI26: 185 | AEJ26: 189 | AEK26: 186 | AEL26: 186 | AEM26: 186 | AEO26: 338 | AEP26: 186 | AEQ26: 192 | AER26: 186 | AES26: 186 | AET26: 193 | AEU26: 208 | AEV26: 187 | AEW26: 187 | AEX26: 187 | AEY26: 187 | AEZ26: 187 | AFB26: 210 | AFC26: 191 | AFD26: 189 | AFE26: 189 | AFF26: 189 | AFG26: 189 | AFH26: 225 | AFI26: 190 | AFJ26: 190 | AFK26: 190 | AFL26: 190 | AFM26: 190 | AFO26: 190 | AFP26: 191 | AFQ26: 191 | AFR26: 191 | AFS26: 191 | AFT26: 191 | AFU26: 228 | AFV26: 191 | AFW26: 192
A27: 1 : Data affected by changes in population controls.

Sheet Transpose
A1: Series ID | B1: LNS12000000 | C1: LNS17000000 | D1: LNS17100000 | E1: LNS17200000 | F1: LNS17300000 | G1: LNS13000000 | H1: LNS17400000 | I1: LNS17500000 | J1: LNS17600000 | K1: LNS17700000 | L1: LNS15000000 | M1: LNS17800000 | N1: LNS17900000 | O1: LNS18000000 | P1: LNS18100000 | Q1: LNS18200000 | R1: LNS18300000 | S1: LNS18400000
A2: 17533 | B2: 58061 | C2: #N/A | D2: #N/A | E2: #N/A | F2: #N/A | G2: 2034 | H2: #N/A | I2: #N/A | J2: #N/A | K2: #N/A | L2: #N/A | M2: #N/A | N2: #N/A | O2: #N/A | P2: #N/A | Q2: #N/A | R2: #N/A | S2: #N/A
A3: 17564 | B3: 58196 | C3: #N/A | D3: #N/A | E3: #N/A | F3: #N/A | G3: 2328 | H3: #N/A | I3: #N/A | J3: #N/A | K3: #N/A | L3: #N/A | M3: #N/A | N3: #N/A | O3: #N/A | P3: #N/A | Q3: #N/A | R3: #N/A | S3: #N/A
A4: 17593 | B4: 57671 | C4: #N/A | D4: #N/A | E4: #N/A | F4: #N/A | G4: 2399 | H4: #N/A | I4: #N/A | J4: #N/A | K4: #N/A | L4: #N/A | M4: #N/A | N4: #N/A | O4: #N/A | P4: #N/A | Q4: #N/A | R4: #N/A | S4: #N/A
A5: 17624 | B5: 58291 | C5: #N/A | D5: #N/A | E5: #N/A | F5: #N/A | G5: 2386 | H5: #N/A | I5: #N/A | J5: #N/A | K5: #N/A | L5: #N/A | M5: #N/A | N5: #N/A | O5: #N/A | P5: #N/A | Q5: #N/A | R5: #N/A | S5: #N/A
A6: 17654 | B6: 57854 | C6: #N/A | D6: #N/A | E6: #N/A | F6: #N/A | G6: 2118 | H6: #N/A | I6: #N/A | J6: #N/A | K6: #N/A | L6: #N/A | M6: #N/A | N6: #N/A | O6: #N/A | P6: #N/A | Q6: #N/A | R6: #N/A | S6: #N/A
A7: 17685 | B7: 58743 | C7: #N/A | D7: #N/A | E7: #N/A | F7: #N/A | G7: 2214 | H7: #N/A | I7: #N/A | J7: #N/A | K7: #N/A | L7: #N/A | M7: #N/A | N7: #N/A | O7: #N/A | P7: #N/A | Q7: #N/A | R7: #N/A | S7: #N/A
A8: 17715 | B8: 58968 | C8: #N/A | D8: #N/A | E8: #N/A | F8: #N/A | G8: 2213 | H8: #N/A | I8: #N/A | J8: #N/A | K8: #N/A | L8: #N/A | M8: #N/A | N8: #N/A | O8: #N/A | P8: #N/A | Q8: #N/A | R8: #N/A | S8: #N/A
A9: 17746 | B9: 58456 | C9: #N/A | D9: #N/A | E9: #N/A | F9: #N/A | G9: 2350 | H9: #N/A | I9: #N/A | J9: #N/A | K9: #N/A | L9: #N/A | M9: #N/A | N9: #N/A | O9: #N/A | P9: #N/A | Q9: #N/A | R9: #N/A | S9: #N/A
A10: 17777 | B10: 58513 | C10: #N/A | D10: #N/A | E10: #N/A | F10: #N/A | G10: 2302 | H10: #N/A | I10: #N/A | J10: #N/A | K10: #N/A | L10: #N/A | M10: #N/A | N10: #N/A | O10: #N/A | P10: #N/A | Q10: #N/A | R10: #N/A | S10: #N/A
A11: 17807 | B11: 58387 | C11: #N/A | D11: #N/A | E11: #N/A | F11: #N/A | G11: 2259 | H11: #N/A | I11: #N/A | J11: #N/A | K11: #N/A | L11: #N/A | M11: #N/A | N11: #N/A | O11: #N/A | P11: #N/A | Q11: #N/A | R11: #N/A | S11: #N/A
A12: 17838 | B12: 58417 | C12: #N/A | D12: #N/A | E12: #N/A | F12: #N/A | G12: 2285 | H12: #N/A | I12: #N/A | J12: #N/A | K12: #N/A | L12: #N/A | M12: #N/A | N12: #N/A | O12: #N/A | P12: #N/A | Q12: #N/A | R12: #N/A | S12: #N/A
A13: 17868 | B13: 58740 | C13: #N/A | D13: #N/A | E13: #N/A | F13: #N/A | G13: 2429 | H13: #N/A | I13: #N/A | J13: #N/A | K13: #N/A | L13: #N/A | M13: #N/A | N13: #N/A | O13: #N/A | P13: #N/A | Q13: #N/A | R13: #N/A | S13: #N/A
A14: Annual 1948 | B14: #N/A | C14: #N/A | D14: #N/A | E14: #N/A | F14: #N/A | G14: #N/A | H14: #N/A | I14: #N/A | J14: #N/A | K14: #N/A | L14: #N/A | M14: #N/A | N14: #N/A | O14: #N/A | P14: #N/A | Q14: #N/A | R14: #N/A | S14: #N/A
A15: 17899 | B15: 58175 | C15: #N/A | D15: #N/A | E15: #N/A | F15: #N/A | G15: 2596 | H15: #N/A | I15: #N/A | J15: #N/A | K15: #N/A | L15: #N/A | M15: #N/A | N15: #N/A | O15: #N/A | P15: #N/A | Q15: #N/A | R15: #N/A | S15: #N/A
A16: 17930 | B16: 58208 | C16: #N/A | D16: #N/A | E16: #N/A | F16: #N/A | G16: 2849 | H16: #N/A | I16: #N/A | J16: #N/A | K16: #N/A | L16: #N/A | M16: #N/A | N16: #N/A | O16: #N/A | P16: #N/A | Q16: #N/A | R16: #N/A | S16: #N/A
A17: 17958 | B17: 58043 | C17: #N/A | D17: #N/A | E17: #N/A | F17: #N/A | G17: 3030 | H17: #N/A | I17: #N/A | J17: #N/A | K17: #N/A | L17: #N/A | M17: #N/A | N17: #N/A | O17: #N/A | P17: #N/A | Q17: #N/A | R17: #N/A | S17: #N/A
A18: 17989 | B18: 57747 | C18: #N/A | D18: #N/A | E18: #N/A | F18: #N/A | G18: 3260 | H18: #N/A | I18: #N/A | J18: #N/A | K18: #N/A | L18: #N/A | M18: #N/A | N18: #N/A | O18: #N/A | P18: #N/A | Q18: #N/A | R18: #N/A | S18: #N/A
A19: 18019 | B19: 57552 | C19: #N/A | D19: #N/A | E19: #N/A | F19: #N/A | G19: 3707 | H19: #N/A | I19: #N/A | J19: #N/A | K19: #N/A | L19: #N/A | M19: #N/A | N19: #N/A | O19: #N/A | P19: #N/A | Q19: #N/A | R19: #N/A | S19: #N/A
A20: 18050 | B20: 57172 | C20: #N/A | D20: #N/A | E20: #N/A | F20: #N/A | G20: 3776 | H20: #N/A | I20: #N/A | J20: #N/A | K20: #N/A | L20: #N/A | M20: #N/A | N20: #N/A | O20: #N/A | P20: #N/A | Q20: #N/A | R20: #N/A | S20: #N/A
A21: 18080 | B21: 57190 | C21: #N/A | D21: #N/A | E21: #N/A | F21: #N/A | G21: 4111 | H21: #N/A | I21: #N/A | J21: #N/A | K21: #N/A | L21: #N/A | M21: #N/A | N21: #N/A | O21: #N/A | P21: #N/A | Q21: #N/A | R21: #N/A | S21: #N/A
A22: 18111 | B22: 57397 | C22: #N/A | D22: #N/A | E22: #N/A | F22: #N/A | G22: 4193 | H22: #N/A | I22: #N/A | J22: #N/A | K22: #N/A | L22: #N/A | M22: #N/A | N22: #N/A | O22: #N/A | P22: #N/A | Q22: #N/A | R22: #N/A | S22: #N/A
A23: 18142 | B23: 57584 | C23: #N/A | D23: #N/A | E23: #N/A | F23: #N/A | G23: 4049 | H23: #N/A | I23: #N/A | J23: #N/A | K23: #N/A | L23: #N/A | M23: #N/A | N23: #N/A | O23: #N/A | P23: #N/A | Q23: #N/A | R23: #N/A | S23: #N/A
A24: 18172 | B24: 57269 | C24: #N/A | D24: #N/A | E24: #N/A | F24: #N/A | G24: 4916 | H24: #N/A | I24: #N/A | J24: #N/A | K24: #N/A | L24: #N/A | M24: #N/A | N24: #N/A | O24: #N/A | P24: #N/A | Q24: #N/A | R24: #N/A | S24: #N/A
A25: 18203 | B25: 58009 | C25: #N/A | D25: #N/A | E25: #N/A | F25: #N/A | G25: 3996 | H25: #N/A | I25: #N/A | J25: #N/A | K25: #N/A | L25: #N/A | M25: #N/A | N25: #N/A | O25: #N/A | P25: #N/A | Q25: #N/A | R25: #N/A | S25: #N/A
A26: 18233 | B26: 57845 | C26: #N/A | D26: #N/A | E26: #N/A | F26: #N/A | G26: 4063 | H26: #N/A | I26: #N/A | J26: #N/A | K26: #N/A | L26: #N/A | M26: #N/A | N26: #N/A | O26: #N/A | P26: #N/A | Q26: #N/A | R26: #N/A | S26: #N/A
A27: Annual 1949 | B27: #N/A | C27: #N/A | D27: #N/A | E27: #N/A | F27: #N/A | G27: #N/A | H27: #N/A | I27: #N/A | J27: #N/A | K27: #N/A | L27: #N/A | M27: #N/A | N27: #N/A | O27: #N/A | P27: #N/A | Q27: #N/A | R27: #N/A | S27: #N/A
A28: 18264 | B28: 57635 | C28: #N/A | D28: #N/A | E28: #N/A | F28: #N/A | G28: 4026 | H28: #N/A | I28: #N/A | J28: #N/A | K28: #N/A | L28: #N/A | M28: #N/A | N28: #N/A | O28: #N/A | P28: #N/A | Q28: #N/A | R28: #N/A | S28: #N/A
A29: 18295 | B29: 57751 | C29: #N/A | D29: #N/A | E29: #N/A | F29: #N/A | G29: 3936 | H29: #N/A | I29: #N/A | J29: #N/A | K29: #N/A | L29: #N/A | M29: #N/A | N29: #N/A | O29: #N/A | P29: #N/A | Q29: #N/A | R29: #N/A | S29: #N/A
A30: 18323 | B30: 57728 | C30: #N/A | D30: #N/A | E30: #N/A | F30: #N/A | G30: 3876 | H30: #N/A | I30: #N/A | J30: #N/A | K30: #N/A | L30: #N/A | M30: #N/A | N30: #N/A | O30: #N/A | P30: #N/A | Q30: #N/A | R30: #N/A | S30: #N/A
A31: 18354 | B31: 58583 | C31: #N/A | D31: #N/A | E31: #N/A | F31: #N/A | G31: 3575 | H31: #N/A | I31: #N/A | J31: #N/A | K31: #N/A | L31: #N/A | M31: #N/A | N31: #N/A | O31: #N/A | P31: #N/A | Q31: #N/A | R31: #N/A | S31: #N/A
A32: 18384 | B32: 58649 | C32: #N/A | D32: #N/A | E32: #N/A | F32: #N/A | G32: 3434 | H32: #N/A | I32: #N/A | J32: #N/A | K32: #N/A | L32: #N/A | M32: #N/A | N32: #N/A | O32: #N/A | P32: #N/A | Q32: #N/A | R32: #N/A | S32: #N/A
A33: 18415 | B33: 59052 | C33: #N/A | D33: #N/A | E33: #N/A | F33: #N/A | G33: 3367 | H33: #N/A | I33: #N/A | J33: #N/A | K33: #N/A | L33: #N/A | M33: #N/A | N33: #N/A | O33: #N/A | P33: #N/A | Q33: #N/A | R33: #N/A | S33: #N/A
A34: 18445 | B34: 59001 | C34: #N/A | D34: #N/A | E34: #N/A | F34: #N/A | G34: 3120 | H34: #N/A | I34: #N/A | J34: #N/A | K34: #N/A | L34: #N/A | M34: #N/A | N34: #N/A | O34: #N/A | P34: #N/A | Q34: #N/A | R34: #N/A | S34: #N/A
A35: 18476 | B35: 59797 | C35: #N/A | D35: #N/A | E35: #N/A | F35: #N/A | G35: 2799 | H35: #N/A | I35: #N/A | J35: #N/A | K35: #N/A | L35: #N/A | M35: #N/A | N35: #N/A | O35: #N/A | P35: #N/A | Q35: #N/A | R35: #N/A | S35: #N/A
A36: 18507 | B36: 59575 | C36: #N/A | D36: #N/A | E36: #N/A | F36: #N/A | G36: 2774 | H36: #N/A | I36: #N/A | J36: #N/A | K36: #N/A | L36: #N/A | M36: #N/A | N36: #N/A | O36: #N/A | P36: #N/A | Q36: #N/A | R36: #N/A | S36: #N/A
A37: 18537 | B37: 59803 | C37: #N/A | D37: #N/A | E37: #N/A | F37: #N/A | G37: 2625 | H37: #N/A | I37: #N/A | J37: #N/A | K37: #N/A | L37: #N/A | M37: #N/A | N37: #N/A | O37: #N/A | P37: #N/A | Q37: #N/A | R37: #N/A | S37: #N/A
A38: 18568 | B38: 59697 | C38: #N/A | D38: #N/A | E38: #N/A | F38: #N/A | G38: 2589 | H38: #N/A | I38: #N/A | J38: #N/A | K38: #N/A | L38: #N/A | M38: #N/A | N38: #N/A | O38: #N/A | P38: #N/A | Q38: #N/A | R38: #N/A | S38: #N/A
A39: 18598 | B39: 59429 | C39: #N/A | D39: #N/A | E39: #N/A | F39: #N/A | G39: 2639 | H39: #N/A | I39: #N/A | J39: #N/A | K39: #N/A | L39: #N/A | M39: #N/A | N39: #N/A | O39: #N/A | P39: #N/A | Q39: #N/A | R39: #N/A | S39: #N/A
A40: Annual 1950 | B40: #N/A | C40: #N/A | D40: #N/A | E40: #N/A | F40: #N/A | G40: #N/A | H40: #N/A | I40: #N/A | J40: #N/A | K40: #N/A | L40: #N/A | M40: #N/A | N40: #N/A | O40: #N/A | P40: #N/A | Q40: #N/A | R40: #N/A | S40: #N/A
A41: 18629 | B41: 59636 | C41: #N/A | D41: #N/A | E41: #N/A | F41: #N/A | G41: 2305 | H41: #N/A | I41: #N/A | J41: #N/A | K41: #N/A | L41: #N/A | M41: #N/A | N41: #N/A | O41: #N/A | P41: #N/A | Q41: #N/A | R41: #N/A | S41: #N/A
A42: 18660 | B42: 59661 | C42: #N/A | D42: #N/A | E42: #N/A | F42: #N/A | G42: 2117 | H42: #N/A | I42: #N/A | J42: #N/A | K42: #N/A | L42: #N/A | M42: #N/A | N42: #N/A | O42: #N/A | P42: #N/A | Q42: #N/A | R42: #N/A | S42: #N/A
A43: 18688 | B43: 60401 | C43: #N/A | D43: #N/A | E43: #N/A | F43: #N/A | G43: 2125 | H43: #N/A | I43: #N/A | J43: #N/A | K43: #N/A | L43: #N/A | M43: #N/A | N43: #N/A | O43: #N/A | P43: #N/A | Q43: #N/A | R43: #N/A | S43: #N/A
A44: 18719 | B44: 59889 | C44: #N/A | D44: #N/A | E44: #N/A | F44: #N/A | G44: 1919 | H44: #N/A | I44: #N/A | J44: #N/A | K44: #N/A | L44: #N/A | M44: #N/A | N44: #N/A | O44: #N/A | P44: #N/A | Q44: #N/A | R44: #N/A | S44: #N/A
A45: 18749 | B45: 60188 | C45: #N/A | D45: #N/A | E45: #N/A | F45: #N/A | G45: 1856 | H45: #N/A | I45: #N/A | J45: #N/A | K45: #N/A | L45: #N/A | M45: #N/A | N45: #N/A | O45: #N/A | P45: #N/A | Q45: #N/A | R45: #N/A | S45: #N/A
A46: 18780 | B46: 59620 | C46: #N/A | D46: #N/A | E46: #N/A | F46: #N/A | G46: 1995 | H46: #N/A | I46: #N/A | J46: #N/A | K46: #N/A | L46: #N/A | M46: #N/A | N46: #N/A | O46: #N/A | P46: #N/A | Q46: #N/A | R46: #N/A | S46: #N/A
A47: 18810 | B47: 60156 | C47: #N/A | D47: #N/A | E47: #N/A | F47: #N/A | G47: 1950 | H47: #N/A | I47: #N/A | J47: #N/A | K47: #N/A | L47: #N/A | M47: #N/A | N47: #N/A | O47: #N/A | P47: #N/A | Q47: #N/A | R47: #N/A | S47: #N/A
A48: 18841 | B48: 59994 | C48: #N/A | D48: #N/A | E48: #N/A | F48: #N/A | G48: 1933 | H48: #N/A | I48: #N/A | J48: #N/A | K48: #N/A | L48: #N/A | M48: #N/A | N48: #N/A | O48: #N/A | P48: #N/A | Q48: #N/A | R48: #N/A | S48: #N/A
A49: 18872 | B49: 59713 | C49: #N/A | D49: #N/A | E49: #N/A | F49: #N/A | G49: 2067 | H49: #N/A | I49: #N/A | J49: #N/A | K49: #N/A | L49: #N/A | M49: #N/A | N49: #N/A | O49: #N/A | P49: #N/A | Q49: #N/A | R49: #N/A | S49: #N/A
A50: 18902 | B50: 60010 | C50: #N/A | D50: #N/A | E50: #N/A | F50: #N/A | G50: 2194 | H50: #N/A | I50: #N/A | J50: #N/A | K50: #N/A | L50: #N/A | M50: #N/A | N50: #N/A | O50: #N/A | P50: #N/A | Q50: #N/A | R50: #N/A | S50: #N/A
A51: 18933 | B51: 59836 | C51: #N/A | D51: #N/A | E51: #N/A | F51: #N/A | G51: 2178 | H51: #N/A | I51: #N/A | J51: #N/A | K51: #N/A | L51: #N/A | M51: #N/A | N51: #N/A | O51: #N/A | P51: #N/A | Q51: #N/A | R51: #N/A | S51: #N/A
A52: 18963 | B52: 60497 | C52: #N/A | D52: #N/A | E52: #N/A | F52: #N/A | G52: 1960 | H52: #N/A | I52: #N/A | J52: #N/A | K52: #N/A | L52: #N/A | M52: #N/A | N52: #N/A | O52: #N/A | P52: #N/A | Q52: #N/A | R52: #N/A | S52: #N/A
A53: Annual 1951 | B53: #N/A | C53: #N/A | D53: #N/A | E53: #N/A | F53: #N/A | G53: #N/A | H53: #N/A | I53: #N/A | J53: #N/A | K53: #N/A | L53: #N/A | M53: #N/A | N53: #N/A | O53: #N/A | P53: #N/A | Q53: #N/A | R53: #N/A | S53: #N/A
A54: 18994 | B54: 60460 | C54: #N/A | D54: #N/A | E54: #N/A | F54: #N/A | G54: 1972 | H54: #N/A | I54: #N/A | J54: #N/A | K54: #N/A | L54: #N/A | M54: #N/A | N54: #N/A | O54: #N/A | P54: #N/A | Q54: #N/A | R54: #N/A | S54: #N/A
A55: 19025 | B55: 60462 | C55: #N/A | D55: #N/A | E55: #N/A | F55: #N/A | G55: 1957 | H55: #N/A | I55: #N/A | J55: #N/A | K55: #N/A | L55: #N/A | M55: #N/A | N55: #N/A | O55: #N/A | P55: #N/A | Q55: #N/A | R55: #N/A | S55: #N/A
A56: 19054 | B56: 59908 | C56: #N/A | D56: #N/A | E56: #N/A | F56: #N/A | G56: 1813 | H56: #N/A | I56: #N/A | J56: #N/A | K56: #N/A | L56: #N/A | M56: #N/A | N56: #N/A | O56: #N/A | P56: #N/A | Q56: #N/A | R56: #N/A | S56: #N/A
A57: 19085 | B57: 59909 | C57: #N/A | D57: #N/A | E57: #N/A | F57: #N/A | G57: 1811 | H57: #N/A | I57: #N/A | J57: #N/A | K57: #N/A | L57: #N/A | M57: #N/A | N57: #N/A | O57: #N/A | P57: #N/A | Q57: #N/A | R57: #N/A | S57: #N/A
A58: 19115 | B58: 60195 | C58: #N/A | D58: #N/A | E58: #N/A | F58: #N/A | G58: 1863 | H58: #N/A | I58: #N/A | J58: #N/A | K58: #N/A | L58: #N/A | M58: #N/A | N58: #N/A | O58: #N/A | P58: #N/A | Q58: #N/A | R58: #N/A | S58: #N/A
A59: 19146 | B59: 60219 | C59: #N/A | D59: #N/A | E59: #N/A | F59: #N/A | G59: 1884 | H59: #N/A | I59: #N/A | J59: #N/A | K59: #N/A | L59: #N/A | M59: #N/A | N59: #N/A | O59: #N/A | P59: #N/A | Q59: #N/A | R59: #N/A | S59: #N/A
A60: 19176 | B60: 59971 | C60: #N/A | D60: #N/A | E60: #N/A | F60: #N/A | G60: 1991 | H60: #N/A | I60: #N/A | J60: #N/A | K60: #N/A | L60: #N/A | M60: #N/A | N60: #N/A | O60: #N/A | P60: #N/A | Q60: #N/A | R60: #N/A | S60: #N/A
A61: 19207 | B61: 59790 | C61: #N/A | D61: #N/A | E61: #N/A | F61: #N/A | G61: 2087 | H61: #N/A | I61: #N/A | J61: #N/A | K61: #N/A | L61: #N/A | M61: #N/A | N61: #N/A | O61: #N/A | P61: #N/A | Q61: #N/A | R61: #N/A | S61: #N/A
A62: 19238 | B62: 60521 | C62: #N/A | D62: #N/A | E62: #N/A | F62: #N/A | G62: 1936 | H62: #N/A | I62: #N/A | J62: #N/A | K62: #N/A | L62: #N/A | M62: #N/A | N62: #N/A | O62: #N/A | P62: #N/A | Q62: #N/A | R62: #N/A | S62: #N/A
A63: 19268 | B63: 60132 | C63: #N/A | D63: #N/A | E63: #N/A | F63: #N/A | G63: 1839 | H63: #N/A | I63: #N/A | J63: #N/A | K63: #N/A | L63: #N/A | M63: #N/A | N63: #N/A | O63: #N/A | P63: #N/A | Q63: #N/A | R63: #N/A | S63: #N/A
A64: 19299 | B64: 60748 | C64: #N/A | D64: #N/A | E64: #N/A | F64: #N/A | G64: 1743 | H64: #N/A | I64: #N/A | J64: #N/A | K64: #N/A | L64: #N/A | M64: #N/A | N64: #N/A | O64: #N/A | P64: #N/A | Q64: #N/A | R64: #N/A | S64: #N/A
A65: 19329 | B65: 60954 | C65: #N/A | D65: #N/A | E65: #N/A | F65: #N/A | G65: 1667 | H65: #N/A | I65: #N/A | J65: #N/A | K65: #N/A | L65: #N/A | M65: #N/A | N65: #N/A | O65: #N/A | P65: #N/A | Q65: #N/A | R65: #N/A | S65: #N/A
A66: Annual 1952 | B66: #N/A | C66: #N/A | D66: #N/A | E66: #N/A | F66: #N/A | G66: #N/A | H66: #N/A | I66: #N/A | J66: #N/A | K66: #N/A | L66: #N/A | M66: #N/A | N66: #N/A | O66: #N/A | P66: #N/A | Q66: #N/A | R66: #N/A | S66: #N/A
A67: 19360 | B67: 61600 | C67: #N/A | D67: #N/A | E67: #N/A | F67: #N/A | G67: 1839 | H67: #N/A | I67: #N/A | J67: #N/A | K67: #N/A | L67: #N/A | M67: #N/A | N67: #N/A | O67: #N/A | P67: #N/A | Q67: #N/A | R67: #N/A | S67: #N/A
A68: 19391 | B68: 61884 | C68: #N/A | D68: #N/A | E68: #N/A | F68: #N/A | G68: 1636 | H68: #N/A | I68: #N/A | J68: #N/A | K68: #N/A | L68: #N/A | M68: #N/A | N68: #N/A | O68: #N/A | P68: #N/A | Q68: #N/A | R68: #N/A | S68: #N/A
A69: 19419 | B69: 62010 | C69: #N/A | D69: #N/A | E69: #N/A | F69: #N/A | G69: 1647 | H69: #N/A | I69: #N/A | J69: #N/A | K69: #N/A | L69: #N/A | M69: #N/A | N69: #N/A | O69: #N/A | P69: #N/A | Q69: #N/A | R69: #N/A | S69: #N/A
A70: 19450 | B70: 61444 | C70: #N/A | D70: #N/A | E70: #N/A | F70: #N/A | G70: 1723 | H70: #N/A | I70: #N/A | J70: #N/A | K70: #N/A | L70: #N/A | M70: #N/A | N70: #N/A | O70: #N/A | P70: #N/A | Q70: #N/A | R70: #N/A | S70: #N/A
A71: 19480 | B71: 61019 | C71: #N/A | D71: #N/A | E71: #N/A | F71: #N/A | G71: 1596 | H71: #N/A | I71: #N/A | J71: #N/A | K71: #N/A | L71: #N/A | M71: #N/A | N71: #N/A | O71: #N/A | P71: #N/A | Q71: #N/A | R71: #N/A | S71: #N/A
A72: 19511 | B72: 61456 | C72: #N/A | D72: #N/A | E72: #N/A | F72: #N/A | G72: 1607 | H72: #N/A | I72: #N/A | J72: #N/A | K72: #N/A | L72: #N/A | M72: #N/A | N72: #N/A | O72: #N/A | P72: #N/A | Q72: #N/A | R72: #N/A | S72: #N/A
A73: 19541 | B73: 61397 | C73: #N/A | D73: #N/A | E73: #N/A | F73: #N/A | G73: 1660 | H73: #N/A | I73: #N/A | J73: #N/A | K73: #N/A | L73: #N/A | M73: #N/A | N73: #N/A | O73: #N/A | P73: #N/A | Q73: #N/A | R73: #N/A | S73: #N/A
A74: 19572 | B74: 61151 | C74: #N/A | D74: #N/A | E74: #N/A | F74: #N/A | G74: 1665 | H74: #N/A | I74: #N/A | J74: #N/A | K74: #N/A | L74: #N/A | M74: #N/A | N74: #N/A | O74: #N/A | P74: #N/A | Q74: #N/A | R74: #N/A | S74: #N/A
A75: 19603 | B75: 60906 | C75: #N/A | D75: #N/A | E75: #N/A | F75: #N/A | G75: 1821 | H75: #N/A | I75: #N/A | J75: #N/A | K75: #N/A | L75: #N/A | M75: #N/A | N75: #N/A | O75: #N/A | P75: #N/A | Q75: #N/A | R75: #N/A | S75: #N/A
A76: 19633 | B76: 60893 | C76: #N/A | D76: #N/A | E76: #N/A | F76: #N/A | G76: 1974 | H76: #N/A | I76: #N/A | J76: #N/A | K76: #N/A | L76: #N/A | M76: #N/A | N76: #N/A | O76: #N/A | P76: #N/A | Q76: #N/A | R76: #N/A | S76: #N/A
A77: 19664 | B77: 60738 | C77: #N/A | D77: #N/A | E77: #N/A | F77: #N/A | G77: 2211 | H77: #N/A | I77: #N/A | J77: #N/A | K77: #N/A | L77: #N/A | M77: #N/A | N77: #N/A | O77: #N/A | P77: #N/A | Q77: #N/A | R77: #N/A | S77: #N/A
A78: 19694 | B78: 59977 | C78: #N/A | D78: #N/A | E78: #N/A | F78: #N/A | G78: 2818 | H78: #N/A | I78: #N/A | J78: #N/A | K78: #N/A | L78: #N/A | M78: #N/A | N78: #N/A | O78: #N/A | P78: #N/A | Q78: #N/A | R78: #N/A | S78: #N/A
A79: Annual 1953 | B79: #N/A | C79: #N/A | D79: #N/A | E79: #N/A | F79: #N/A | G79: #N/A | H79: #N/A | I79: #N/A | J79: #N/A | K79: #N/A | L79: #N/A | M79: #N/A | N79: #N/A | O79: #N/A | P79: #N/A | Q79: #N/A | R79: #N/A | S79: #N/A
A80: 19725 | B80: 60024 | C80: #N/A | D80: #N/A | E80: #N/A | F80: #N/A | G80: 3077 | H80: #N/A | I80: #N/A | J80: #N/A | K80: #N/A | L80: #N/A | M80: #N/A | N80: #N/A | O80: #N/A | P80: #N/A | Q80: #N/A | R80: #N/A | S80: #N/A
A81: 19756 | B81: 60663 | C81: #N/A | D81: #N/A | E81: #N/A | F81: #N/A | G81: 3331 | H81: #N/A | I81: #N/A | J81: #N/A | K81: #N/A | L81: #N/A | M81: #N/A | N81: #N/A | O81: #N/A | P81: #N/A | Q81: #N/A | R81: #N/A | S81: #N/A
A82: 19784 | B82: 60186 | C82: #N/A | D82: #N/A | E82: #N/A | F82: #N/A | G82: 3607 | H82: #N/A | I82: #N/A | J82: #N/A | K82: #N/A | L82: #N/A | M82: #N/A | N82: #N/A | O82: #N/A | P82: #N/A | Q82: #N/A | R82: #N/A | S82: #N/A
A83: 19815 | B83: 60185 | C83: #N/A | D83: #N/A | E83: #N/A | F83: #N/A | G83: 3749 | H83: #N/A | I83: #N/A | J83: #N/A | K83: #N/A | L83: #N/A | M83: #N/A | N83: #N/A | O83: #N/A | P83: #N/A | Q83: #N/A | R83: #N/A | S83: #N/A
A84: 19845 | B84: 59908 | C84: #N/A | D84: #N/A | E84: #N/A | F84: #N/A | G84: 3767 | H84: #N/A | I84: #N/A | J84: #N/A | K84: #N/A | L84: #N/A | M84: #N/A | N84: #N/A | O84: #N/A | P84: #N/A | Q84: #N/A | R84: #N/A | S84: #N/A
A85: 19876 | B85: 59792 | C85: #N/A | D85: #N/A | E85: #N/A | F85: #N/A | G85: 3551 | H85: #N/A | I85: #N/A | J85: #N/A | K85: #N/A | L85: #N/A | M85: #N/A | N85: #N/A | O85: #N/A | P85: #N/A | Q85: #N/A | R85: #N/A | S85: #N/A
A86: 19906 | B86: 59643 | C86: #N/A | D86: #N/A | E86: #N/A | F86: #N/A | G86: 3659 | H86: #N/A | I86: #N/A | J86: #N/A | K86: #N/A | L86: #N/A | M86: #N/A | N86: #N/A | O86: #N/A | P86: #N/A | Q86: #N/A | R86: #N/A | S86: #N/A
A87: 19937 | B87: 59853 | C87: #N/A | D87: #N/A | E87: #N/A | F87: #N/A | G87: 3854 | H87: #N/A | I87: #N/A | J87: #N/A | K87: #N/A | L87: #N/A | M87: #N/A | N87: #N/A | O87: #N/A | P87: #N/A | Q87: #N/A | R87: #N/A | S87: #N/A
A88: 19968 | B88: 60282 | C88: #N/A | D88: #N/A | E88: #N/A | F88: #N/A | G88: 3927 | H88: #N/A | I88: #N/A | J88: #N/A | K88: #N/A | L88: #N/A | M88: #N/A | N88: #N/A | O88: #N/A | P88: #N/A | Q88: #N/A | R88: #N/A | S88: #N/A
A89: 19998 | B89: 60270 | C89: #N/A | D89: #N/A | E89: #N/A | F89: #N/A | G89: 3666 | H89: #N/A | I89: #N/A | J89: #N/A | K89: #N/A | L89: #N/A | M89: #N/A | N89: #N/A | O89: #N/A | P89: #N/A | Q89: #N/A | R89: #N/A | S89: #N/A
A90: 20029 | B90: 60357 | C90: #N/A | D90: #N/A | E90: #N/A | F90: #N/A | G90: 3402 | H90: #N/A | I90: #N/A | J90: #N/A | K90: #N/A | L90: #N/A | M90: #N/A | N90: #N/A | O90: #N/A | P90: #N/A | Q90: #N/A | R90: #N/A | S90: #N/A
A91: 20059 | B91: 60116 | C91: #N/A | D91: #N/A | E91: #N/A | F91: #N/A | G91: 3196 | H91: #N/A | I91: #N/A | J91: #N/A | K91: #N/A | L91: #N/A | M91: #N/A | N91: #N/A | O91: #N/A | P91: #N/A | Q91: #N/A | R91: #N/A | S91: #N/A
A92: Annual 1954 | B92: #N/A | C92: #N/A | D92: #N/A | E92: #N/A | F92: #N/A | G92: #N/A | H92: #N/A | I92: #N/A | J92: #N/A | K92: #N/A | L92: #N/A | M92: #N/A | N92: #N/A | O92: #N/A | P92: #N/A | Q92: #N/A | R92: #N/A | S92: #N/A
A93: 20090 | B93: 60753 | C93: #N/A | D93: #N/A | E93: #N/A | F93: #N/A | G93: 3157 | H93: #N/A | I93: #N/A | J93: #N/A | K93: #N/A | L93: #N/A | M93: #N/A | N93: #N/A | O93: #N/A | P93: #N/A | Q93: #N/A | R93: #N/A | S93: #N/A
A94: 20121 | B94: 60727 | C94: #N/A | D94: #N/A | E94: #N/A | F94: #N/A | G94: 2969 | H94: #N/A | I94: #N/A | J94: #N/A | K94: #N/A | L94: #N/A | M94: #N/A | N94: #N/A | O94: #N/A | P94: #N/A | Q94: #N/A | R94: #N/A | S94: #N/A
A95: 20149 | B95: 60964 | C95: #N/A | D95: #N/A | E95: #N/A | F95: #N/A | G95: 2918 | H95: #N/A | I95: #N/A | J95: #N/A | K95: #N/A | L95: #N/A | M95: #N/A | N95: #N/A | O95: #N/A | P95: #N/A | Q95: #N/A | R95: #N/A | S95: #N/A
A96: 20180 | B96: 61515 | C96: #N/A | D96: #N/A | E96: #N/A | F96: #N/A | G96: 3049 | H96: #N/A | I96: #N/A | J96: #N/A | K96: #N/A | L96: #N/A | M96: #N/A | N96: #N/A | O96: #N/A | P96: #N/A | Q96: #N/A | R96: #N/A | S96: #N/A
A97: 20210 | B97: 61634 | C97: #N/A | D97: #N/A | E97: #N/A | F97: #N/A | G97: 2747 | H97: #N/A | I97: #N/A | J97: #N/A | K97: #N/A | L97: #N/A | M97: #N/A | N97: #N/A | O97: #N/A | P97: #N/A | Q97: #N/A | R97: #N/A | S97: #N/A
A98: 20241 | B98: 61781 | C98: #N/A | D98: #N/A | E98: #N/A | F98: #N/A | G98: 2701 | H98: #N/A | I98: #N/A | J98: #N/A | K98: #N/A | L98: #N/A | M98: #N/A | N98: #N/A | O98: #N/A | P98: #N/A | Q98: #N/A | R98: #N/A | S98: #N/A
A99: 20271 | B99: 62513 | C99: #N/A | D99: #N/A | E99: #N/A | F99: #N/A | G99: 2632 | H99: #N/A | I99: #N/A | J99: #N/A | K99: #N/A | L99: #N/A | M99: #N/A | N99: #N/A | O99: #N/A | P99: #N/A | Q99: #N/A | R99: #N/A | S99: #N/A
A100: 20302 | B100: 62797 | C100: #N/A | D100: #N/A | E100: #N/A | F100: #N/A | G100: 2784 | H100: #N/A | I100: #N/A | J100: #N/A | K100: #N/A | L100: #N/A | M100: #N/A | N100: #N/A | O100: #N/A | P100: #N/A | Q100: #N/A | R100: #N/A | S100: #N/A
...

Sheet Cleaned
A1: 1 | B1: =A1+1 -> 2 | C1: =B1+1 -> 3 | D1: =C1+1 -> 4 | E1: =D1+1 -> 5 | F1: =E1+1 -> 6 | G1: =F1+1 -> 7 | H1: =G1+1 -> 8 | I1: =H1+1 -> 9 | ... S1: =R1+1 -> 19
B2: E | C2: EE | D2: UE | E2: NE | F2: .E | G2: U | H2: EU | I2: UU | J2: NU | K2: .U | L2: N | M2: EN | N2: UN | O2: NN | P2: .N | Q2: E. | R2: U. | S2: N.
A3: 32874 | B3: =VLOOKUP($A3,Transpose!$A$1:$S$859,Cleaned!B$1) -> 119081 | C3: =VLOOKUP($A3,Transpose!$A$1:$S$859,Cleaned!C$1) -> #N/A | D3: =VLOOKUP($A3,Transpose!$A$1:$S$859,Cleaned!D$1) -> #N/A | E3: =VLOOKUP($A3,Transpose!$A$1:$S$859,Cleaned!E$1) -> #N/A | F3: =VLOOKUP($A3,Transpose!$A$1:$S$859,Cleaned!F$1) -> #N/A | G3: =VLOOKUP($A3,Transpose!$A$1:$S$859,Cleaned!G$1) -> 6752 | H3: =VLOOKUP($A3,Transpose!$A$1:$S$859,Cleaned!H$1) -> #N/A | I3: =VLOOKUP($A3,Transpose!$A$1:$S$859,Cleaned!I$1) -> #N/A | ... S3: =VLOOKUP($A3,Transpose!$A$1:$S$859,Cleaned!S$1) -> #N/A
A4: =DATE(YEAR(A3),MONTH(A3)+1,1) -> 32905 | B4: =VLOOKUP($A4,Transpose!$A$1:$S$859,Cleaned!B$1) -> 119059 | C4: =VLOOKUP($A4,Transpose!$A$1:$S$859,Cleaned!C$1) -> 113650 | D4: =VLOOKUP($A4,Transpose!$A$1:$S$859,Cleaned!D$1) -> 2152 | E4: =VLOOKUP($A4,Transpose!$A$1:$S$859,Cleaned!E$1) -> 3204 | F4: =VLOOKUP($A4,Transpose!$A$1:$S$859,Cleaned!F$1) -> 53 | G4: =VLOOKUP($A4,Transpose!$A$1:$S$859,Cleaned!G$1) -> 6651 | H4: =VLOOKUP($A4,Transpose!$A$1:$S$859,Cleaned!H$1) -> 1823 | I4: =VLOOKUP($A4,Transpose!$A$1:$S$859,Cleaned!I$1) -> 3238 | ... S4: =VLOOKUP($A4,Transpose!$A$1:$S$859,Cleaned!S$1) -> 149
A5: =DATE(YEAR(A4),MONTH(A4)+1,1) -> 32933 | B5: =VLOOKUP($A5,Transpose!$A$1:$S$859,Cleaned!B$1) -> 119203 | C5: =VLOOKUP($A5,Transpose!$A$1:$S$859,Cleaned!C$1) -> 113910 | D5: =VLOOKUP($A5,Transpose!$A$1:$S$859,Cleaned!D$1) -> 1964 | E5: =VLOOKUP($A5,Transpose!$A$1:$S$859,Cleaned!E$1) -> 3244 | F5: =VLOOKUP($A5,Transpose!$A$1:$S$859,Cleaned!F$1) -> 85 | G5: =VLOOKUP($A5,Transpose!$A$1:$S$859,Cleaned!G$1) -> 6598 | H5: =VLOOKUP($A5,Transpose!$A$1:$S$859,Cleaned!H$1) -> 1764 | I5: =VLOOKUP($A5,Transpose!$A$1:$S$859,Cleaned!I$1) -> 3219 | ... S5: =VLOOKUP($A5,Transpose!$A$1:$S$859,Cleaned!S$1) -> 147
A6: =DATE(YEAR(A5),MONTH(A5)+1,1) -> 32964 | B6: =VLOOKUP($A6,Transpose!$A$1:$S$859,Cleaned!B$1) -> 118852 | C6: =VLOOKUP($A6,Transpose!$A$1:$S$859,Cleaned!C$1) -> 113817 | D6: =VLOOKUP($A6,Transpose!$A$1:$S$859,Cleaned!D$1) -> 1801 | E6: =VLOOKUP($A6,Transpose!$A$1:$S$859,Cleaned!E$1) -> 3148 | F6: =VLOOKUP($A6,Transpose!$A$1:$S$859,Cleaned!F$1) -> 87 | G6: =VLOOKUP($A6,Transpose!$A$1:$S$859,Cleaned!G$1) -> 6797 | H6: =VLOOKUP($A6,Transpose!$A$1:$S$859,Cleaned!H$1) -> 1873 | I6: =VLOOKUP($A6,Transpose!$A$1:$S$859,Cleaned!I$1) -> 3402 | ... S6: =VLOOKUP($A6,Transpose!$A$1:$S$859,Cleaned!S$1) -> 147
A7: =DATE(YEAR(A6),MONTH(A6)+1,1) -> 32994 | B7: =VLOOKUP($A7,Transpose!$A$1:$S$859,Cleaned!B$1) -> 119151 | C7: =VLOOKUP($A7,Transpose!$A$1:$S$859,Cleaned!C$1) -> 114028 | D7: =VLOOKUP($A7,Transpose!$A$1:$S$859,Cleaned!D$1) -> 1931 | E7: =VLOOKUP($A7,Transpose!$A$1:$S$859,Cleaned!E$1) -> 3119 | F7: =VLOOKUP($A7,Transpose!$A$1:$S$859,Cleaned!F$1) -> 73 | G7: =VLOOKUP($A7,Transpose!$A$1:$S$859,Cleaned!G$1) -> 6742 | H7: =VLOOKUP($A7,Transpose!$A$1:$S$859,Cleaned!H$1) -> 1676 | I7: =VLOOKUP($A7,Transpose!$A$1:$S$859,Cleaned!I$1) -> 3551 | ... S7: =VLOOKUP($A7,Transpose!$A$1:$S$859,Cleaned!S$1) -> 151
A8: =DATE(YEAR(A7),MONTH(A7)+1,1) -> 33025 | B8: =VLOOKUP($A8,Transpose!$A$1:$S$859,Cleaned!B$1) -> 118983 | C8: =VLOOKUP($A8,Transpose!$A$1:$S$859,Cleaned!C$1) -> 113970 | D8: =VLOOKUP($A8,Transpose!$A$1:$S$859,Cleaned!D$1) -> 1945 | E8: =VLOOKUP($A8,Transpose!$A$1:$S$859,Cleaned!E$1) -> 2986 | F8: =VLOOKUP($A8,Transpose!$A$1:$S$859,Cleaned!F$1) -> 81 | G8: =VLOOKUP($A8,Transpose!$A$1:$S$859,Cleaned!G$1) -> 6590 | H8: =VLOOKUP($A8,Transpose!$A$1:$S$859,Cleaned!H$1) -> 1771 | I8: =VLOOKUP($A8,Transpose!$A$1:$S$859,Cleaned!I$1) -> 3402 | ... S8: =VLOOKUP($A8,Transpose!$A$1:$S$859,Cleaned!S$1) -> 149
A9: =DATE(YEAR(A8),MONTH(A8)+1,1) -> 33055 | B9: =VLOOKUP($A9,Transpose!$A$1:$S$859,Cleaned!B$1) -> 118810 | C9: =VLOOKUP($A9,Transpose!$A$1:$S$859,Cleaned!C$1) -> 113702 | D9: =VLOOKUP($A9,Transpose!$A$1:$S$859,Cleaned!D$1) -> 1818 | E9: =VLOOKUP($A9,Transpose!$A$1:$S$859,Cleaned!E$1) -> 3193 | F9: =VLOOKUP($A9,Transpose!$A$1:$S$859,Cleaned!F$1) -> 97 | G9: =VLOOKUP($A9,Transpose!$A$1:$S$859,Cleaned!G$1) -> 6922 | H9: =VLOOKUP($A9,Transpose!$A$1:$S$859,Cleaned!H$1) -> 1941 | I9: =VLOOKUP($A9,Transpose!$A$1:$S$859,Cleaned!I$1) -> 3379 | ... S9: =VLOOKUP($A9,Transpose!$A$1:$S$859,Cleaned!S$1) -> 155
A10: =DATE(YEAR(A9),MONTH(A9)+1,1) -> 33086 | B10: =VLOOKUP($A10,Transpose!$A$1:$S$859,Cleaned!B$1) -> 118802 | C10: =VLOOKUP($A10,Transpose!$A$1:$S$859,Cleaned!C$1) -> 113809 | D10: =VLOOKUP($A10,Transpose!$A$1:$S$859,Cleaned!D$1) -> 1940 | E10: =VLOOKUP($A10,Transpose!$A$1:$S$859,Cleaned!E$1) -> 2961 | F10: =VLOOKUP($A10,Transpose!$A$1:$S$859,Cleaned!F$1) -> 92 | G10: =VLOOKUP($A10,Transpose!$A$1:$S$859,Cleaned!G$1) -> 7188 | H10: =VLOOKUP($A10,Transpose!$A$1:$S$859,Cleaned!H$1) -> 1877 | I10: =VLOOKUP($A10,Transpose!$A$1:$S$859,Cleaned!I$1) -> 3625 | ... S10: =VLOOKUP($A10,Transpose!$A$1:$S$859,Cleaned!S$1) -> 147
A11: =DATE(YEAR(A10),MONTH(A10)+1,1) -> 33117 | B11: =VLOOKUP($A11,Transpose!$A$1:$S$859,Cleaned!B$1) -> 118524 | C11: =VLOOKUP($A11,Transpose!$A$1:$S$859,Cleaned!C$1) -> 113676 | D11: =VLOOKUP($A11,Transpose!$A$1:$S$859,Cleaned!D$1) -> 1764 | E11: =VLOOKUP($A11,Transpose!$A$1:$S$859,Cleaned!E$1) -> 2975 | F11: =VLOOKUP($A11,Transpose!$A$1:$S$859,Cleaned!F$1) -> 110 | G11: =VLOOKUP($A11,Transpose!$A$1:$S$859,Cleaned!G$1) -> 7368 | H11: =VLOOKUP($A11,Transpose!$A$1:$S$859,Cleaned!H$1) -> 1752 | I11: =VLOOKUP($A11,Transpose!$A$1:$S$859,Cleaned!I$1) -> 4045 | ... S11: =VLOOKUP($A11,Transpose!$A$1:$S$859,Cleaned!S$1) -> 147
A12: =DATE(YEAR(A11),MONTH(A11)+1,1) -> 33147 | B12: =VLOOKUP($A12,Transpose!$A$1:$S$859,Cleaned!B$1) -> 118536 | C12: =VLOOKUP($A12,Transpose!$A$1:$S$859,Cleaned!C$1) -> 113367 | D12: =VLOOKUP($A12,Transpose!$A$1:$S$859,Cleaned!D$1) -> 2029 | E12: =VLOOKUP($A12,Transpose!$A$1:$S$859,Cleaned!E$1) -> 3032 | F12: =VLOOKUP($A12,Transpose!$A$1:$S$859,Cleaned!F$1) -> 108 | G12: =VLOOKUP($A12,Transpose!$A$1:$S$859,Cleaned!G$1) -> 7459 | H12: =VLOOKUP($A12,Transpose!$A$1:$S$859,Cleaned!H$1) -> 1902 | I12: =VLOOKUP($A12,Transpose!$A$1:$S$859,Cleaned!I$1) -> 3924 | ... S12: =VLOOKUP($A12,Transpose!$A$1:$S$859,Cleaned!S$1) -> 148
A13: =DATE(YEAR(A12),MONTH(A12)+1,1) -> 33178 | B13: =VLOOKUP($A13,Transpose!$A$1:$S$859,Cleaned!B$1) -> 118306 | C13: =VLOOKUP($A13,Transpose!$A$1:$S$859,Cleaned!C$1) -> 113166 | D13: =VLOOKUP($A13,Transpose!$A$1:$S$859,Cleaned!D$1) -> 1975 | E13: =VLOOKUP($A13,Transpose!$A$1:$S$859,Cleaned!E$1) -> 3092 | F13: =VLOOKUP($A13,Transpose!$A$1:$S$859,Cleaned!F$1) -> 73 | G13: =VLOOKUP($A13,Transpose!$A$1:$S$859,Cleaned!G$1) -> 7764 | H13: =VLOOKUP($A13,Transpose!$A$1:$S$859,Cleaned!H$1) -> 2034 | I13: =VLOOKUP($A13,Transpose!$A$1:$S$859,Cleaned!I$1) -> 4027 | ... S13: =VLOOKUP($A13,Transpose!$A$1:$S$859,Cleaned!S$1) -> 151
A14: =DATE(YEAR(A13),MONTH(A13)+1,1) -> 33208 | B14: =VLOOKUP($A14,Transpose!$A$1:$S$859,Cleaned!B$1) -> 118241 | C14: =VLOOKUP($A14,Transpose!$A$1:$S$859,Cleaned!C$1) -> 113229 | D14: =VLOOKUP($A14,Transpose!$A$1:$S$859,Cleaned!D$1) -> 1963 | E14: =VLOOKUP($A14,Transpose!$A$1:$S$859,Cleaned!E$1) -> 2962 | F14: =VLOOKUP($A14,Transpose!$A$1:$S$859,Cleaned!F$1) -> 87 | G14: =VLOOKUP($A14,Transpose!$A$1:$S$859,Cleaned!G$1) -> 7901 | H14: =VLOOKUP($A14,Transpose!$A$1:$S$859,Cleaned!H$1) -> 1874 | I14: =VLOOKUP($A14,Transpose!$A$1:$S$859,Cleaned!I$1) -> 4310 | ... S14: =VLOOKUP($A14,Transpose!$A$1:$S$859,Cleaned!S$1) -> 148
A15: =DATE(YEAR(A14),MONTH(A14)+1,1) -> 33239 | B15: =VLOOKUP($A15,Transpose!$A$1:$S$859,Cleaned!B$1) -> 117940 | C15: =VLOOKUP($A15,Transpose!$A$1:$S$859,Cleaned!C$1) -> 113007 | D15: =VLOOKUP($A15,Transpose!$A$1:$S$859,Cleaned!D$1) -> 2016 | E15: =VLOOKUP($A15,Transpose!$A$1:$S$859,Cleaned!E$1) -> 2836 | F15: =VLOOKUP($A15,Transpose!$A$1:$S$859,Cleaned!F$1) -> 81 | G15: =VLOOKUP($A15,Transpose!$A$1:$S$859,Cleaned!G$1) -> 8015 | H15: =VLOOKUP($A15,Transpose!$A$1:$S$859,Cleaned!H$1) -> 1978 | I15: =VLOOKUP($A15,Transpose!$A$1:$S$859,Cleaned!I$1) -> 4302 | ... S15: =VLOOKUP($A15,Transpose!$A$1:$S$859,Cleaned!S$1) -> 148
... A290: =DATE(YEAR(A289),MONTH(A289)+1,1) -> 41609 | B290: =VLOOKUP($A290,Transpose!$A$1:$S$859,Cleaned!B$1) -> #N/A | C290: =VLOOKUP($A290,Transpose!$A$1:$S$859,Cleaned!C$1) -> #N/A | D290: =VLOOKUP($A290,Transpose!$A$1:$S$859,Cleaned!D$1) -> #N/A | E290: =VLOOKUP($A290,Transpose!$A$1:$S$859,Cleaned!E$1) -> #N/A | F290: =VLOOKUP($A290,Transpose!$A$1:$S$859,Cleaned!F$1) -> #N/A | G290: =VLOOKUP($A290,Transpose!$A$1:$S$859,Cleaned!G$1) -> #N/A | H290: =VLOOKUP($A290,Transpose!$A$1:$S$859,Cleaned!H$1) -> #N/A | I290: =VLOOKUP($A290,Transpose!$A$1:$S$859,Cleaned!I$1) -> #N/A | ... S290: =VLOOKUP($A290,Transpose!$A$1:$S$859,Cleaned!S$1) -> #N/A

Sheet BLS transition probs
A1: 1 | B1: 2 | C1: 3 | D1: 4 | E1: 5 | F1: 6 | G1: 7 | H1: 8 | I1: 9 | J1: 10 | K1: 11 | L1: 12 | M1: 13 | P1: 8 | Q1: 9 | R1: 10 | S1: 11 | T1: 12 | U1: 13
B2: Monthly data | H2: 3m moving average | P2: Quarterly averaged data
B3: P[EU] | C3: P[UE] | D3: P[NU] | E3: P[UN] | F3: P[EN] | G3: P[NE] | H3: P[EU] | I3: P[UE] | J3: P[NU] | K3: P[UN] | L3: P[EN] | M3: P[NE] | P3: P[EU] | Q3: P[UE] | R3: P[NU] | S3: P[UN] | T3: P[EN] | U3: P[NE]
A4: 32874 | B4: =NA() -> #N/A | C4: =NA() -> #N/A | D4: =NA() -> #N/A | E4: =NA() -> #N/A | F4: =NA() -> #N/A | G4: =NA() -> #N/A | H4: =NA() -> #N/A | I4: =NA() -> #N/A | ... M4: =NA() -> #N/A | O4: 33025 | P4: =VLOOKUP($O4,$A$1:$M$291,P$1) -> 0.014892585 | Q4: =VLOOKUP($O4,$A$1:$M$291,Q$1) -> 0.28184916 | R4: =VLOOKUP($O4,$A$1:$M$291,R$1) -> 0.023214891 | S4: =VLOOKUP($O4,$A$1:$M$291,S$1) -> 0.20368828 | T4: =VLOOKUP($O4,$A$1:$M$291,T$1) -> 0.028018612 | U4: =VLOOKUP($O4,$A$1:$M$291,U$1) -> 0.048964268
A5: =DATE(YEAR(A4),MONTH(A4)+1,1) -> 32905 | B5: =Cleaned!H4/Cleaned!B3 -> 0.015308907 | C5: =Cleaned!D4/Cleaned!G3 -> 0.31872038 | D5: =Cleaned!J4/Cleaned!L3 -> 0.025135826 | E5: =Cleaned!N4/Cleaned!G3 -> 0.2014218 | F5: =Cleaned!M4/Cleaned!B3 -> 0.030088763 | G5: =Cleaned!E4/Cleaned!L3 -> 0.051198466 | H5: =NA() -> #N/A | I5: =NA() -> #N/A | J5: =NA() -> #N/A | K5: =NA() -> #N/A | L5: =NA() -> #N/A | M5: =NA() -> #N/A | O5: =DATE(YEAR(O4),MONTH(O4)+3,1) -> 33117 | P5: =VLOOKUP($O5,$A$1:$M$291,P$1) -> 0.015619605 | Q5: =VLOOKUP($O5,$A$1:$M$291,Q$1) -> 0.26718246 | R5: =VLOOKUP($O5,$A$1:$M$291,R$1) -> 0.025134707 | S5: =VLOOKUP($O5,$A$1:$M$291,S$1) -> 0.19951282 | T5: =VLOOKUP($O5,$A$1:$M$291,T$1) -> 0.027367035 | U5: =VLOOKUP($O5,$A$1:$M$291,U$1) -> 0.047972481
A6: =DATE(YEAR(A5),MONTH(A5)+1,1) -> 32933 | B6: =Cleaned!H5/Cleaned!B4 -> 0.014816184 | C6: =Cleaned!D5/Cleaned!G4 -> 0.29529394 | D6: =Cleaned!J5/Cleaned!L4 -> 0.025538961 | E6: =Cleaned!N5/Cleaned!G4 -> 0.22041798 | F6: =Cleaned!M5/Cleaned!B4 -> 0.028280096 | G6: =Cleaned!E5/Cleaned!L4 -> 0.051651116 | H6: =AVERAGE(B4:B6) -> #N/A | I6: =AVERAGE(C4:C6) -> #N/A | J6: =AVERAGE(D4:D6) -> #N/A | K6: =AVERAGE(E4:E6) -> #N/A | L6: =AVERAGE(F4:F6) -> #N/A | M6: =AVERAGE(G4:G6) -> #N/A | O6: =DATE(YEAR(O5),MONTH(O5)+3,1) -> 33208 | P6: =VLOOKUP($O6,$A$1:$M$291,P$1) -> 0.016349002 | Q6: =VLOOKUP($O6,$A$1:$M$291,Q$1) -> 0.26433147 | R6: =VLOOKUP($O6,$A$1:$M$291,R$1) -> 0.026015304 | S6: =VLOOKUP($O6,$A$1:$M$291,S$1) -> 0.19291766 | T6: =VLOOKUP($O6,$A$1:$M$291,T$1) -> 0.027377111 | U6: =VLOOKUP($O6,$A$1:$M$291,U$1) -> 0.047533156
A7: =DATE(YEAR(A6),MONTH(A6)+1,1) -> 32964 | B7: =Cleaned!H6/Cleaned!B5 -> 0.015712692 | C7: =Cleaned!D6/Cleaned!G5 -> 0.2729615 | D7: =Cleaned!J6/Cleaned!L5 -> 0.024033488 | E7: =Cleaned!N6/Cleaned!G5 -> 0.21127614 | F7: =Cleaned!M6/Cleaned!B5 -> 0.029319732 | G7: =Cleaned!E6/Cleaned!L5 -> 0.050104251 | H7: =AVERAGE(B5:B7) -> 0.015279261 | I7: =AVERAGE(C5:C7) -> 0.29565861 | J7: =AVERAGE(D5:D7) -> 0.024902758 | K7: =AVERAGE(E5:E7) -> 0.21103864 | L7: =AVERAGE(F5:F7) -> 0.02922953 | M7: =AVERAGE(G5:G7) -> 0.050984611 | O7: =DATE(YEAR(O6),MONTH(O6)+3,1) -> 33298 | P7: =VLOOKUP($O7,$A$1:$M$291,P$1) -> 0.017495651 | Q7: =VLOOKUP($O7,$A$1:$M$291,Q$1) -> 0.25434973 | R7: =VLOOKUP($O7,$A$1:$M$291,R$1) -> 0.026983475 | S7: =VLOOKUP($O7,$A$1:$M$291,S$1) -> 0.19093996 | T7: =VLOOKUP($O7,$A$1:$M$291,T$1) -> 0.026390825 | U7: =VLOOKUP($O7,$A$1:$M$291,U$1) -> 0.04510232
A8: =DATE(YEAR(A7),MONTH(A7)+1,1) -> 32994 | B8: =Cleaned!H7/Cleaned!B6 -> 0.014101572 | C8: =Cleaned!D7/Cleaned!G6 -> 0.28409592 | D8: =Cleaned!J7/Cleaned!L6 -> 0.023697508 | E8: =Cleaned!N7/Cleaned!G6 -> 0.19317346 | F8: =Cleaned!M7/Cleaned!B6 -> 0.026293205 | G8: =Cleaned!E7/Cleaned!L6 -> 0.04940677 | H8: =AVERAGE(B6:B8) -> 0.014876816 | I8: =AVERAGE(C6:C8) -> 0.28411712 | J8: =AVERAGE(D6:D8) -> 0.024423319 | K8: =AVERAGE(E6:E8) -> 0.2082892 | L8: =AVERAGE(F6:F8) -> 0.027964344 | M8: =AVERAGE(G6:G8) -> 0.050387379 | O8: =DATE(YEAR(O7),MONTH(O7)+3,1) -> 33390 | P8: =VLOOKUP($O8,$A$1:$M$291,P$1) -> 0.016821954 | Q8: =VLOOKUP($O8,$A$1:$M$291,Q$1) -> 0.25295888 | R8: =VLOOKUP($O8,$A$1:$M$291,R$1) -> 0.027664493 | S8: =VLOOKUP($O8,$A$1:$M$291,S$1) -> 0.18318264 | T8: =VLOOKUP($O8,$A$1:$M$291,T$1) -> 0.026849627 | U8: =VLOOKUP($O8,$A$1:$M$291,U$1) -> 0.045175501
A9: =DATE(YEAR(A8),MONTH(A8)+1,1) -> 33025 | B9: =Cleaned!H8/Cleaned!B7 -> 0.014863493 | C9: =Cleaned!D8/Cleaned!G7 -> 0.28849006 | D9: =Cleaned!J8/Cleaned!L7 -> 0.021913678 | E9: =Cleaned!N8/Cleaned!G7 -> 0.20661525 | F9: =Cleaned!M8/Cleaned!B7 -> 0.0284429 | G9: =Cleaned!E8/Cleaned!L7 -> 0.047381784 | H9: =AVERAGE(B7:B9) -> 0.014892585 | I9: =AVERAGE(C7:C9) -> 0.28184916 | J9: =AVERAGE(D7:D9) -> 0.023214891 | K9: =AVERAGE(E7:E9) -> 0.20368828 | L9: =AVERAGE(F7:F9) -> 0.028018612 | M9: =AVERAGE(G7:G9) -> 0.048964268 | O9: =DATE(YEAR(O8),MONTH(O8)+3,1) -> 33482 | P9: =VLOOKUP($O9,$A$1:$M$291,P$1) -> 0.016867474 | Q9: =VLOOKUP($O9,$A$1:$M$291,Q$1) -> 0.24870609 | R9: =VLOOKUP($O9,$A$1:$M$291,R$1) -> 0.027421862 | S9: =VLOOKUP($O9,$A$1:$M$291,S$1) -> 0.18743829 | T9: =VLOOKUP($O9,$A$1:$M$291,T$1) -> 0.02607345 | U9: =VLOOKUP($O9,$A$1:$M$291,U$1) -> 0.045336479
A10: =DATE(YEAR(A9),MONTH(A9)+1,1) -> 33055 | B10: =Cleaned!H9/Cleaned!B8 -> 0.016313255 | C10: =Cleaned!D9/Cleaned!G8 -> 0.27587253 | D10: =Cleaned!J9/Cleaned!L8 -> 0.024667244 | E10: =Cleaned!N9/Cleaned!G8 -> 0.21107739 | F10: =Cleaned!M9/Cleaned!B8 -> 0.027709841 | G10: =Cleaned!E9/Cleaned!L8 -> 0.050295345 | H10: =AVERAGE(B8:B10) -> 0.015092773 | I10: =AVERAGE(C8:C10) -> 0.28281951 | J10: =AVERAGE(D8:D10) -> 0.023426144 | K10: =AVERAGE(E8:E10) -> 0.20362203 | L10: =AVERAGE(F8:F10) -> 0.027481982 | M10: =AVERAGE(G8:G10) -> 0.049027966 | O10: =DATE(YEAR(O9),MONTH(O9)+3,1) -> 33573 | P10: =VLOOKUP($O10,$A$1:$M$291,P$1) -> 0.016772246 | Q10: =VLOOKUP($O10,$A$1:$M$291,Q$1) -> 0.23293136 | R10: =VLOOKUP($O10,$A$1:$M$291,R$1) -> 0.028735359 | S10: =VLOOKUP($O10,$A$1:$M$291,S$1) -> 0.18658574 | T10: =VLOOKUP($O10,$A$1:$M$291,T$1) -> 0.025734062 | U10: =VLOOKUP($O10,$A$1:$M$291,U$1) -> 0.042112779
A11: =DATE(YEAR(A10),MONTH(A10)+1,1) -> 33086 | B11: =Cleaned!H10/Cleaned!B9 -> 0.015798333 | C11: =Cleaned!D10/Cleaned!G9 -> 0.28026582 | D11: =Cleaned!J10/Cleaned!L9 -> 0.026128341 | E11: =Cleaned!N10/Cleaned!G9 -> 0.19575267 | F11: =Cleaned!M10/Cleaned!B9 -> 0.026142581 | G11: =Cleaned!E10/Cleaned!L9 -> 0.046662254 | H11: =AVERAGE(B9:B11) -> 0.01565836 | I11: =AVERAGE(C9:C11) -> 0.28154281 | J11: =AVERAGE(D9:D11) -> 0.024236421 | K11: =AVERAGE(E9:E11) -> 0.20448177 | L11: =AVERAGE(F9:F11) -> 0.027431774 | M11: =AVERAGE(G9:G11) -> 0.048113128 | O11: =DATE(YEAR(O10),MONTH(O10)+3,1) -> 33664 | P11: =VLOOKUP($O11,$A$1:$M$291,P$1) -> 0.016869696 | Q11: =VLOOKUP($O11,$A$1:$M$291,Q$1) -> 0.23591936 | R11: =VLOOKUP($O11,$A$1:$M$291,R$1) -> 0.028801533 | S11: =VLOOKUP($O11,$A$1:$M$291,S$1) -> 0.17115794 | T11: =VLOOKUP($O11,$A$1:$M$291,T$1) -> 0.025087794 | U11: =VLOOKUP($O11,$A$1:$M$291,U$1) -> 0.04499873
A12: =DATE(YEAR(A11),MONTH(A11)+1,1) -> 33117 | B12: =Cleaned!H11/Cleaned!B10 -> 0.014747226 | C12: =Cleaned!D11/Cleaned!G10 -> 0.24540902 | D12: =Cleaned!J11/Cleaned!L10 -> 0.024608536 | E12: =Cleaned!N11/Cleaned!G10 -> 0.1917084 | F12: =Cleaned!M11/Cleaned!B10 -> 0.028248683 | G12: =Cleaned!E11/Cleaned!L10 -> 0.046959843 | H12: =AVERAGE(B10:B12) -> 0.015619605 | I12: =AVERAGE(C10:C12) -> 0.26718246 | J12: =AVERAGE(D10:D12) -> 0.025134707 | K12: =AVERAGE(E10:E12) -> 0.19951282 | L12: =AVERAGE(F10:F12) -> 0.027367035 | M12: =AVERAGE(G10:G12) -> 0.047972481 | O12: =DATE(YEAR(O11),MONTH(O11)+3,1) -> 33756 | P12: =VLOOKUP($O12,$A$1:$M$291,P$1) -> 0.016903544 | Q12: =VLOOKUP($O12,$A$1:$M$291,Q$1) -> 0.22920055 | R12: =VLOOKUP($O12,$A$1:$M$291,R$1) -> 0.031205702 | S12: =VLOOKUP($O12,$A$1:$M$291,S$1) -> 0.17478451 | T12: =VLOOKUP($O12,$A$1:$M$291,T$1) -> 0.025391767 | U12: =VLOOKUP($O12,$A$1:$M$291,U$1) -> 0.044176061
A13: =DATE(YEAR(A12),MONTH(A12)+1,1) -> 33147 | B13: =Cleaned!H12/Cleaned!B11 -> 0.016047383 | C13: =Cleaned!D12/Cleaned!G11 -> 0.27538002 | D13: =Cleaned!J12/Cleaned!L11 -> 0.025347288 | E13: =Cleaned!N12/Cleaned!G11 -> 0.19177524 | F13: =Cleaned!M12/Cleaned!B11 -> 0.027302487 | G13: =Cleaned!E12/Cleaned!L11 -> 0.047645987 | H13: =AVERAGE(B11:B13) -> 0.015530981 | I13: =AVERAGE(C11:C13) -> 0.26701829 | J13: =AVERAGE(D11:D13) -> 0.025361388 | K13: =AVERAGE(E11:E13) -> 0.19307877 | L13: =AVERAGE(F11:F13) -> 0.02723125 | M13: =AVERAGE(G11:G13) -> 0.047089361 | O13: =DATE(YEAR(O12),MONTH(O12)+3,1) -> 33848 | P13: =VLOOKUP($O13,$A$1:$M$291,P$1) -> 0.016790724 | Q13: =VLOOKUP($O13,$A$1:$M$291,Q$1) -> 0.22676415 | R13: =VLOOKUP($O13,$A$1:$M$291,R$1) -> 0.02991641 | S13: =VLOOKUP($O13,$A$1:$M$291,S$1) -> 0.18070404 | T13: =VLOOKUP($O13,$A$1:$M$291,T$1) -> 0.025858938 | U13: =VLOOKUP($O13,$A$1:$M$291,U$1) -> 0.044320965
A14: =DATE(YEAR(A13),MONTH(A13)+1,1) -> 33178 | B14: =Cleaned!H13/Cleaned!B12 -> 0.017159344 | C14: =Cleaned!D13/Cleaned!G12 -> 0.2647808 | D14: =Cleaned!J13/Cleaned!L12 -> 0.026179079 | E14: =Cleaned!N13/Cleaned!G12 -> 0.19506636 | F14: =Cleaned!M13/Cleaned!B12 -> 0.027907134 | G14: =Cleaned!E13/Cleaned!L12 -> 0.048528604 | H14: =AVERAGE(B12:B14) -> 0.015984651 | I14: =AVERAGE(C12:C14) -> 0.26185661 | J14: =AVERAGE(D12:D14) -> 0.025378301 | K14: =AVERAGE(E12:E14) -> 0.19285 | L14: =AVERAGE(F12:F14) -> 0.027819435 | M14: =AVERAGE(G12:G14) -> 0.047711478 | O14: =DATE(YEAR(O13),MONTH(O13)+3,1) -> 33939 | P14: =VLOOKUP($O14,$A$1:$M$291,P$1) -> 0.016663569 | Q14: =VLOOKUP($O14,$A$1:$M$291,Q$1) -> 0.23533787 | R14: =VLOOKUP($O14,$A$1:$M$291,R$1) -> 0.030099485 | S14: =VLOOKUP($O14,$A$1:$M$291,S$1) -> 0.18530872 | T14: =VLOOKUP($O14,$A$1:$M$291,T$1) -> 0.026570298 | U14: =VLOOKUP($O14,$A$1:$M$291,U$1) -> 0.044323193
A15: =DATE(YEAR(A14),MONTH(A14)+1,1) -> 33208 | B15: =Cleaned!H14/Cleaned!B13 -> 0.015840279 | C15: =Cleaned!D14/Cleaned!G13 -> 0.25283359 | D15: =Cleaned!J14/Cleaned!L13 -> 0.026519545 | E15: =Cleaned!N14/Cleaned!G13 -> 0.19191139 | F15: =Cleaned!M14/Cleaned!B13 -> 0.026921711 | G15: =Cleaned!E14/Cleaned!L13 -> 0.046424877 | H15: =AVERAGE(B13:B15) -> 0.016349002 | I15: =AVERAGE(C13:C15) -> 0.26433147 | J15: =AVERAGE(D13:D15) -> 0.026015304 | K15: =AVERAGE(E13:E15) -> 0.19291766 | L15: =AVERAGE(F13:F15) -> 0.027377111 | M15: =AVERAGE(G13:G15) -> 0.047533156 | O15: =DATE(YEAR(O14),MONTH(O14)+3,1) -> 34029 | P15: =VLOOKUP($O15,$A$1:$M$291,P$1) -> 0.015813438 | Q15: =VLOOKUP($O15,$A$1:$M$291,Q$1) -> 0.23034156 | R15: =VLOOKUP($O15,$A$1:$M$291,R$1) -> 0.028339427 | S15: =VLOOKUP($O15,$A$1:$M$291,S$1) -> 0.18978993 | T15: =VLOOKUP($O15,$A$1:$M$291,T$1) -> 0.026526595 | U15: =VLOOKUP($O15,$A$1:$M$291,U$1) -> 0.045944301
A16: =DATE(YEAR(A15),MONTH(A15)+1,1) -> 33239 | B16: =Cleaned!H15/Cleaned!B14 -> 0.016728546 | C16: =Cleaned!D15/Cleaned!G14 -> 0.25515757 | D16: =Cleaned!J15/Cleaned!L14 -> 0.02658317 | E16: =Cleaned!N15/Cleaned!G14 -> 0.20022782 | F16: =Cleaned!M15/Cleaned!B14 -> 0.027376291 | G16: =Cleaned!E15/Cleaned!L14 -> 0.044399217 | H16: =AVERAGE(B14:B16) -> 0.016576056 | I16: =AVERAGE(C14:C16) -> 0.25759066 | J16: =AVERAGE(D14:D16) -> 0.026427265 | K16: =AVERAGE(E14:E16) -> 0.19573519 | L16: =AVERAGE(F14:F16) -> 0.027401712 | M16: =AVERAGE(G14:G16) -> 0.046450899 | O16: =DATE(YEAR(O15),MONTH(O15)+3,1) -> 34121 | P16: =VLOOKUP($O16,$A$1:$M$291,P$1) -> 0.015763353 | Q16: =VLOOKUP($O16,$A$1:$M$291,Q$1) -> 0.23705532 | R16: =VLOOKUP($O16,$A$1:$M$291,R$1) -> 0.028241825 | S16: =VLOOKUP($O16,$A$1:$M$291,S$1) -> 0.17431826 | T16: =VLOOKUP($O16,$A$1:$M$291,T$1) -> 0.025741216 | U16: =VLOOKUP($O16,$A$1:$M$291,U$1) -> 0.045654929
A17: =DATE(YEAR(A16),MONTH(A16)+1,1) -> 33270 | B17: =Cleaned!H16/Cleaned!B15 -> 0.017670002 | C17: =Cleaned!D16/Cleaned!G15 -> 0.25489707 | D17: =Cleaned!J16/Cleaned!L15 -> 0.02675679 | E17: =Cleaned!N16/Cleaned!G15 -> 0.18989395 | F17: =Cleaned!M16/Cleaned!B15 -> 0.025623198 | G17: =Cleaned!E16/Cleaned!L15 -> 0.044496013 | H17: =AVERAGE(B15:B17) -> 0.016746275 | I17: =AVERAGE(C15:C17) -> 0.25429608 | J17: =AVERAGE(D15:D17) -> 0.026619835 | K17: =AVERAGE(E15:E17) -> 0.19401105 | L17: =AVERAGE(F15:F17) -> 0.0266404 | M17: =AVERAGE(G15:G17) -> 0.045106702 | O17: =DATE(YEAR(O16),MONTH(O16)+3,1) -> 34213 | P17: =VLOOKUP($O17,$A$1:$M$291,P$1) -> 0.015442324 | Q17: =VLOOKUP($O17,$A$1:$M$291,Q$1) -> 0.23764775 | R17: =VLOOKUP($O17,$A$1:$M$291,R$1) -> 0.027619818 | S17: =VLOOKUP($O17,$A$1:$M$291,S$1) -> 0.19143777 | T17: =VLOOKUP($O17,$A$1:$M$291,T$1) -> 0.026453712 | U17: =VLOOKUP($O17,$A$1:$M$291,U$1) -> 0.044918519
... A98: =DATE(YEAR(A97),MONTH(A97)+1,1) -> 35735 | B98: =Cleaned!H97/Cleaned!B96 -> 0.012260042 | C98: =Cleaned!D97/Cleaned!G96 -> 0.29439108 | D98: =Cleaned!J97/Cleaned!L96 -> 0.024562815 | E98: =Cleaned!N97/Cleaned!G96 -> 0.23411838 | F98: =Cleaned!M97/Cleaned!B96 -> 0.025418846 | G98: =Cleaned!E97/Cleaned!L96 -> 0.050361963 | H98: =AVERAGE(B96:B98) -> 0.012695975 | I98: =AVERAGE(C96:C98) -> 0.28855186 | J98: =AVERAGE(D96:D98) -> 0.024964576 | K98: =AVERAGE(E96:E98) -> 0.23489757 | L98: =AVERAGE(F96:F98) -> 0.025578739 | M98: =AVERAGE(G96:G98) -> 0.047650924 | O98: =DATE(YEAR(O97),MONTH(O97)+3,1) -> 41609 | P98: =VLOOKUP($O98,$A$1:$M$291,P$1) -> #N/A | Q98: =VLOOKUP($O98,$A$1:$M$291,Q$1) -> #N/A | R98: =VLOOKUP($O98,$A$1:$M$291,R$1) -> #N/A | S98: =VLOOKUP($O98,$A$1:$M$291,S$1) -> #N/A | T98: =VLOOKUP($O98,$A$1:$M$291,T$1) -> #N/A | U98: =VLOOKUP($O98,$A$1:$M$291,U$1) -> #N/A
A99: =DATE(YEAR(A98),MONTH(A98)+1,1) -> 35765 | B99: =Cleaned!H98/Cleaned!B97 -> 0.01438926 | C99: =Cleaned!D98/Cleaned!G97 -> 0.31658212 | D99: =Cleaned!J98/Cleaned!L97 -> 0.026082413 | E99: =Cleaned!N98/Cleaned!G97 -> 0.23430564 | F99: =Cleaned!M98/Cleaned!B97 -> 0.027301325 | G99: =Cleaned!E98/Cleaned!L97 -> 0.050791281 | H99: =AVERAGE(B97:B99) -> 0.013218365 | I99: =AVERAGE(C97:C99) -> 0.30146422 | J99: =AVERAGE(D97:D99) -> 0.024964061 | K99: =AVERAGE(E97:E99) -> 0.2356185 | L99: =AVERAGE(F97:F99) -> 0.026041384 | M99: =AVERAGE(G97:G99) -> 0.04922962
A100: =DATE(YEAR(A99),MONTH(A99)+1,1) -> 35796 | B100: =Cleaned!H99/Cleaned!B98 -> 0.012894191 | C100: =Cleaned!D99/Cleaned!G98 -> 0.29277332 | D100: =Cleaned!J99/Cleaned!L98 -> 0.024513392 | E100: =Cleaned!N99/Cleaned!G98 -> 0.23965411 | F100: =Cleaned!M99/Cleaned!B98 -> 0.026423526 | G100: =Cleaned!E99/Cleaned!L98 -> 0.048190251 | H100: =AVERAGE(B98:B100) -> 0.013181164 | I100: =AVERAGE(C98:C100) -> 0.30124884 | J100: =AVERAGE(D98:D100) -> 0.025052873 | K100: =AVERAGE(E98:E100) -> 0.23602604 | L100: =AVERAGE(F98:F100) -> 0.026381233 | M100: =AVERAGE(G98:G100) -> 0.049781165
A101: =DATE(YEAR(A100),MONTH(A100)+1,1) -> 35827 | B101: =Cleaned!H100/Cleaned!B99 -> 0.013386778 | C101: =Cleaned!D100/Cleaned!G99 -> 0.30684673 | D101: =Cleaned!J100/Cleaned!L99 -> 0.025661648 | E101: =Cleaned!N100/Cleaned!G99 -> 0.25219849 | F101: =Cleaned!M100/Cleaned!B99 -> 0.025832658 | G101: =Cleaned!E100/Cleaned!L99 -> 0.04768926 | H101: =AVERAGE(B99:B101) -> 0.013556743 | I101: =AVERAGE(C99:C101) -> 0.30540072 | J101: =AVERAGE(D99:D101) -> 0.025419151 | K101: =AVERAGE(E99:E101) -> 0.24205275 | L101: =AVERAGE(F99:F101) -> 0.02651917 | M101: =AVERAGE(G99:G101) -> 0.048890264
A102: =DATE(YEAR(A101),MONTH(A101)+1,1) -> 35855 | B102: =Cleaned!H101/Cleaned!B100 -> 0.013615479 | C102: =Cleaned!D101/Cleaned!G100 -> 0.29749445 | D102: =Cleaned!J101/Cleaned!L100 -> 0.026453454 | E102: =Cleaned!N101/Cleaned!G100 -> 0.25166508 | F102: =Cleaned!M101/Cleaned!B100 -> 0.026237128 | G102: =Cleaned!E101/Cleaned!L100 -> 0.048626798 | H102: =AVERAGE(B100:B102) -> 0.013298816 | I102: =AVERAGE(C100:C102) -> 0.29903817 | J102: =AVERAGE(D100:D102) -> 0.025542831 | K102: =AVERAGE(E100:E102) -> 0.24783923 | L102: =AVERAGE(F100:F102) -> 0.026164437 | M102: =AVERAGE(G100:G102) -> 0.04816877
A103: =DATE(YEAR(A102),MONTH(A102)+1,1) -> 35886 | B103: =Cleaned!H102/Cleaned!B101 -> 0.012124085 | C103: =Cleaned!D102/Cleaned!G101 -> 0.32077235 | D103: =Cleaned!J102/Cleaned!L101 -> 0.023131435 | E103: =Cleaned!N102/Cleaned!G101 -> 0.2463407 | F103: =Cleaned!M102/Cleaned!B101 -> 0.026472702 | G103: =Cleaned!E102/Cleaned!L101 -> 0.048847885 | H103: =AVERAGE(B101:B103) -> 0.013042114 | I103: =AVERAGE(C101:C103) -> 0.30837118 | J103: =AVERAGE(D101:D103) -> 0.025082179 | K103: =AVERAGE(E101:E103) -> 0.25006809 | L103: =AVERAGE(F101:F103) -> 0.026180829 | M103: =AVERAGE(G101:G103) -> 0.048387981
A104: =DATE(YEAR(A103),MONTH(A103)+1,1) -> 35916 | B104: =Cleaned!H103/Cleaned!B102 -> 0.012621085 | C104: =Cleaned!D103/Cleaned!G102 -> 0.2960781 | D104: =Cleaned!J103/Cleaned!L102 -> 0.024074814 | E104: =Cleaned!N103/Cleaned!G102 -> 0.24103686 | F104: =Cleaned!M103/Cleaned!B102 -> 0.026042421 | G104: =Cleaned!E103/Cleaned!L102 -> 0.049289001 | H104: =AVERAGE(B102:B104) -> 0.012786883 | I104: =AVERAGE(C102:C104) -> 0.30478163 | J104: =AVERAGE(D102:D104) -> 0.024553234 | K104: =AVERAGE(E102:E104) -> 0.24634755 | L104: =AVERAGE(F102:F104) -> 0.02625075 | M104: =AVERAGE(G102:G104) -> 0.048921228
A105: =DATE(YEAR(A104),MONTH(A104)+1,1) -> 35947 | B105: =Cleaned!H104/Cleaned!B103 -> 0.012648011 | C105: =Cleaned!D104/Cleaned!G103 -> 0.31288242 | D105: =Cleaned!J104/Cleaned!L103 -> 0.025234351 | E105: =Cleaned!N104/Cleaned!G103 -> 0.22010915 | F105: =Cleaned!M104/Cleaned!B103 -> 0.027565201 | G105: =Cleaned!E104/Cleaned!L103 -> 0.047329216 | H105: =AVERAGE(B103:B105) -> 0.012464394 | I105: =AVERAGE(C103:C105) -> 0.30991096 | J105: =AVERAGE(D103:D105) -> 0.024146866 | K105: =AVERAGE(E103:E105) -> 0.2358289 | L105: =AVERAGE(F103:F105) -> 0.026693441 | M105: =AVERAGE(G103:G105) -> 0.048488701
A106: =DATE(YEAR(A105),MONTH(A105)+1,1) -> 35977 | B106: =Cleaned!H105/Cleaned!B104 -> 0.01325013 | C106: =Cleaned!D105/Cleaned!G104 -> 0.30312299 | D106: =Cleaned!J105/Cleaned!L104 -> 0.024456602 | E106: =Cleaned!N105/Cleaned!G104 -> 0.2371217 | F106: =Cleaned!M105/Cleaned!B104 -> 0.026904087 | G106: =Cleaned!E105/Cleaned!L104 -> 0.05014047 | H106: =AVERAGE(B104:B106) -> 0.012839742 | I106: =AVERAGE(C104:C106) -> 0.30402784 | J106: =AVERAGE(D104:D106) -> 0.024588589 | K106: =AVERAGE(E104:E106) -> 0.2327559 | L106: =AVERAGE(F104:F106) -> 0.026837236 | M106: =AVERAGE(G104:G106) -> 0.048919563
A107: =DATE(YEAR(A106),MONTH(A106)+1,1) -> 36008 | B107: =Cleaned!H106/Cleaned!B105 -> 0.012822758 | C107: =Cleaned!D106/Cleaned!G105 -> 0.31011344 | D107: =Cleaned!J106/Cleaned!L105 -> 0.023950238 | E107: =Cleaned!N106/Cleaned!G105 -> 0.23342387 | F107: =Cleaned!M106/Cleaned!B105 -> 0.029597423 | G107: =Cleaned!E106/Cleaned!L105 -> 0.052835318 | H107: =AVERAGE(B105:B107) -> 0.012906966 | I107: =AVERAGE(C105:C107) -> 0.30870628 | J107: =AVERAGE(D105:D107) -> 0.024547064 | K107: =AVERAGE(E105:E107) -> 0.23021824 | L107: =AVERAGE(F105:F107) -> 0.028022237 | M107: =AVERAGE(G105:G107) -> 0.050101668
A108: =DATE(YEAR(A107),MONTH(A107)+1,1) -> 36039 | B108: =Cleaned!H107/Cleaned!B106 -> 0.013380014 | C108: =Cleaned!D107/Cleaned!G106 -> 0.31429034 | D108: =Cleaned!J107/Cleaned!L106 -> 0.025577971 | E108: =Cleaned!N107/Cleaned!G106 -> 0.23418029 | F108: =Cleaned!M107/Cleaned!B106 -> 0.027323236 | G108: =Cleaned!E107/Cleaned!L106 -> 0.057001914 | H108: =AVERAGE(B106:B108) -> 0.013150967 | I108: =AVERAGE(C106:C108) -> 0.30917559 | J108: =AVERAGE(D106:D108) -> 0.024661604 | K108: =AVERAGE(E106:E108) -> 0.23490862 | L108: =AVERAGE(F106:F108) -> 0.027941582 | M108: =AVERAGE(G106:G108) -> 0.053325901
A109: =DATE(YEAR(A108),MONTH(A108)+1,1) -> 36069 | B109: =Cleaned!H108/Cleaned!B107 -> 0.012758929 | C109: =Cleaned!D108/Cleaned!G107 -> 0.30444444 | D109: =Cleaned!J108/Cleaned!L107 -> 0.02526219 | E109: =Cleaned!N108/Cleaned!G107 -> 0.23984127 | F109: =Cleaned!M108/Cleaned!B107 -> 0.02848787 | G109: =Cleaned!E108/Cleaned!L107 -> 0.050628217 | H109: =AVERAGE(B107:B109) -> 0.012987234 | I109: =AVERAGE(C107:C109) -> 0.30961607 | J109: =AVERAGE(D107:D109) -> 0.024930133 | K109: =AVERAGE(E107:E109) -> 0.23581514 | L109: =AVERAGE(F107:F109) -> 0.02846951 | M109: =AVERAGE(G107:G109) -> 0.053488483
A110: =DATE(YEAR(A109),MONTH(A109)+1,1) -> 36100 | B110: =Cleaned!H109/Cleaned!B108 -> 0.012447064 | C110: =Cleaned!D109/Cleaned!G108 -> 0.30907643 | D110: =Cleaned!J109/Cleaned!L108 -> 0.025 | E110: =Cleaned!N109/Cleaned!G108 -> 0.25398089 | F110: =Cleaned!M109/Cleaned!B108 -> 0.027856272 | G110: =Cleaned!E109/Cleaned!L108 -> 0.052321112 | H110: =AVERAGE(B108:B110) -> 0.012862002 | I110: =AVERAGE(C108:C110) -> 0.30927041 | J110: =AVERAGE(D108:D110) -> 0.025280054 | K110: =AVERAGE(E108:E110) -> 0.24266748 | L110: =AVERAGE(F108:F110) -> 0.027889126 | M110: =AVERAGE(G108:G110) -> 0.053317081
... A291: =DATE(YEAR(A290),MONTH(A290)+1,1) -> 41609 | B291: =Cleaned!H290/Cleaned!B289 -> #N/A | C291: =Cleaned!D290/Cleaned!G289 -> #N/A | D291: =Cleaned!J290/Cleaned!L289 -> #N/A | E291: =Cleaned!N290/Cleaned!G289 -> #N/A | F291: =Cleaned!M290/Cleaned!B289 -> #N/A | G291: =Cleaned!E290/Cleaned!L289 -> #N/A | H291: =AVERAGE(B289:B291) -> #N/A | I291: =AVERAGE(C289:C291) -> #N/A | J291: =AVERAGE(D289:D291) -> #N/A | K291: =AVERAGE(E289:E291) -> #N/A | L291: =AVERAGE(F289:F291) -> #N/A | M291: =AVERAGE(G289:G291) -> #N/A

Sheet Ritter transition probs
A1: 1 | B1: 2 | C1: 3 | D1: 4 | E1: 5 | F1: 6 | G1: 7 | H1: 8 | I1: 9 | J1: 10 | K1: 11 | L1: 12 | M1: 13 | P1: 8 | Q1: 9 | R1: 10 | S1: 11 | T1: 12 | U1: 13
B2: Monthly data | H2: 3m moving average | P2: Quarterly averaged data
B3: P(EU) | C3: P(UE) | D3: P(NU) | E3: P(UN) | F3: P(EN) | G3: P(NE) | H3: P(EU) | I3: P(UE) | J3: P(NU) | K3: P(UN) | L3: P(EN) | M3: P(NE) | P3: P(EU) | Q3: P(UE) | R3: P(NU) | S3: P(UN) | T3: P(EN) | U3: P(NE)
A4: 24473 | B4: #N/A | C4: #N/A | D4: #N/A | E4: #N/A | F4: #N/A | G4: #N/A | H4: =NA() -> #N/A | I4: =NA() -> #N/A | J4: =NA() -> #N/A | K4: =NA() -> #N/A | L4: =NA() -> #N/A | M4: =NA() -> #N/A | O4: 24716 | P4: =VLOOKUP($O4,$A$4:$M$423,P$1) -> 0.011082467 | Q4: =VLOOKUP($O4,$A$4:$M$423,Q$1) -> 0.3526059 | R4: =VLOOKUP($O4,$A$4:$M$423,R$1) -> 0.016948167 | S4: =VLOOKUP($O4,$A$4:$M$423,S$1) -> 0.2809304 | T4: =VLOOKUP($O4,$A$4:$M$423,T$1) -> 0.039330767 | U4: =VLOOKUP($O4,$A$4:$M$423,U$1) -> 0.047660133
A5: =DATE(YEAR(A4),MONTH(A4)+1,1) -> 24504 | B5: #N/A | C5: #N/A | D5: #N/A | E5: #N/A | F5: #N/A | G5: #N/A | H5: =NA() -> #N/A | I5: =NA() -> #N/A | J5: =NA() -> #N/A | K5: =NA() -> #N/A | L5: =NA() -> #N/A | M5: =NA() -> #N/A | O5: =DATE(YEAR(O4),MONTH(O4)+3,1) -> 24807 | P5: =VLOOKUP($O5,$A$4:$M$423,P$1) -> 0.010446733 | Q5: =VLOOKUP($O5,$A$4:$M$423,Q$1) -> 0.34744613 | R5: =VLOOKUP($O5,$A$4:$M$423,R$1) -> 0.0175425 | S5: =VLOOKUP($O5,$A$4:$M$423,S$1) -> 0.27246297 | T5: =VLOOKUP($O5,$A$4:$M$423,T$1) -> 0.040142667 | U5: =VLOOKUP($O5,$A$4:$M$423,U$1) -> 0.0493716
A6: =DATE(YEAR(A5),MONTH(A5)+1,1) -> 24532 | B6: #N/A | C6: #N/A | D6: #N/A | E6: #N/A | F6: #N/A | G6: #N/A | H6: =AVERAGE(B4:B6) -> #N/A | I6: =AVERAGE(C4:C6) -> #N/A | J6: =AVERAGE(D4:D6) -> #N/A | K6: =AVERAGE(E4:E6) -> #N/A | L6: =AVERAGE(F4:F6) -> #N/A | M6: =AVERAGE(G4:G6) -> #N/A | O6: =DATE(YEAR(O5),MONTH(O5)+3,1) -> 24898 | P6: =VLOOKUP($O6,$A$4:$M$423,P$1) -> 0.0110177 | Q6: =VLOOKUP($O6,$A$4:$M$423,Q$1) -> 0.34923983 | R6: =VLOOKUP($O6,$A$4:$M$423,R$1) -> 0.014808267 | S6: =VLOOKUP($O6,$A$4:$M$423,S$1) -> 0.2885375 | T6: =VLOOKUP($O6,$A$4:$M$423,T$1) -> 0.0399019 | U6: =VLOOKUP($O6,$A$4:$M$423,U$1) -> 0.044782833
A7: =DATE(YEAR(A6),MONTH(A6)+1,1) -> 24563 | B7: #N/A | C7: #N/A | D7: #N/A | E7: #N/A | F7: #N/A | G7: #N/A | H7: =AVERAGE(B5:B7) -> #N/A | I7: =AVERAGE(C5:C7) -> #N/A | J7: =AVERAGE(D5:D7) -> #N/A | K7: =AVERAGE(E5:E7) -> #N/A | L7: =AVERAGE(F5:F7) -> #N/A | M7: =AVERAGE(G5:G7) -> #N/A | O7: =DATE(YEAR(O6),MONTH(O6)+3,1) -> 24990 | P7: =VLOOKUP($O7,$A$4:$M$423,P$1) -> 0.0096167667 | Q7: =VLOOKUP($O7,$A$4:$M$423,Q$1) -> 0.3438564 | R7: =VLOOKUP($O7,$A$4:$M$423,R$1) -> 0.016573567 | S7: =VLOOKUP($O7,$A$4:$M$423,S$1) -> 0.27671583 | T7: =VLOOKUP($O7,$A$4:$M$423,T$1) -> 0.038934067 | U7: =VLOOKUP($O7,$A$4:$M$423,U$1) -> 0.051736133
A8: =DATE(YEAR(A7),MONTH(A7)+1,1) -> 24593 | B8: #N/A | C8: #N/A | D8: #N/A | E8: #N/A | F8: #N/A | G8: #N/A | H8: =AVERAGE(B6:B8) -> #N/A | I8: =AVERAGE(C6:C8) -> #N/A | J8: =AVERAGE(D6:D8) -> #N/A | K8: =AVERAGE(E6:E8) -> #N/A | L8: =AVERAGE(F6:F8) -> #N/A | M8: =AVERAGE(G6:G8) -> #N/A | O8: =DATE(YEAR(O7),MONTH(O7)+3,1) -> 25082 | P8: =VLOOKUP($O8,$A$4:$M$423,P$1) -> 0.0099575667 | Q8: =VLOOKUP($O8,$A$4:$M$423,Q$1) -> 0.35289447 | R8: =VLOOKUP($O8,$A$4:$M$423,R$1) -> 0.015326467 | S8: =VLOOKUP($O8,$A$4:$M$423,S$1) -> 0.28180387 | T8: =VLOOKUP($O8,$A$4:$M$423,T$1) -> 0.0427929 | U8: =VLOOKUP($O8,$A$4:$M$423,U$1) -> 0.048177167
A9: =DATE(YEAR(A8),MONTH(A8)+1,1) -> 24624 | B9: 0.0115165 | C9: 0.3618503 | D9: 0.0212199 | E9: 0.2422657 | F9: 0.041178 | G9: 0.0587304 | H9: =AVERAGE(B7:B9) -> #N/A | I9: =AVERAGE(C7:C9) -> #N/A | J9: =AVERAGE(D7:D9) -> #N/A | K9: =AVERAGE(E7:E9) -> #N/A | L9: =AVERAGE(F7:F9) -> #N/A | M9: =AVERAGE(G7:G9) -> #N/A | O9: =DATE(YEAR(O8),MONTH(O8)+3,1) -> 25173 | P9: =VLOOKUP($O9,$A$4:$M$423,P$1) -> 0.0086789 | Q9: =VLOOKUP($O9,$A$4:$M$423,Q$1) -> 0.35996813 | R9: =VLOOKUP($O9,$A$4:$M$423,R$1) -> 0.015690533 | S9: =VLOOKUP($O9,$A$4:$M$423,S$1) -> 0.2882847 | T9: =VLOOKUP($O9,$A$4:$M$423,T$1) -> 0.041321733 | U9: =VLOOKUP($O9,$A$4:$M$423,U$1) -> 0.049018833
A10: =DATE(YEAR(A9),MONTH(A9)+1,1) -> 24654 | B10: 0.0112866 | C10: 0.3671396 | D10: 0.015825 | E10: 0.2748351 | F10: 0.0383857 | G10: 0.0461791 | H10: =AVERAGE(B8:B10) -> #N/A | I10: =AVERAGE(C8:C10) -> #N/A | J10: =AVERAGE(D8:D10) -> #N/A | K10: =AVERAGE(E8:E10) -> #N/A | L10: =AVERAGE(F8:F10) -> #N/A | M10: =AVERAGE(G8:G10) -> #N/A | O10: =DATE(YEAR(O9),MONTH(O9)+3,1) -> 25263 | P10: =VLOOKUP($O10,$A$4:$M$423,P$1) -> 0.0095053667 | Q10: =VLOOKUP($O10,$A$4:$M$423,Q$1) -> 0.35391487 | R10: =VLOOKUP($O10,$A$4:$M$423,R$1) -> 0.014988567 | S10: =VLOOKUP($O10,$A$4:$M$423,S$1) -> 0.3017945 | T10: =VLOOKUP($O10,$A$4:$M$423,T$1) -> 0.039664633 | U10: =VLOOKUP($O10,$A$4:$M$423,U$1) -> 0.046742467
A11: =DATE(YEAR(A10),MONTH(A10)+1,1) -> 24685 | B11: 0.0107517 | C11: 0.331749 | D11: 0.017101 | E11: 0.2867608 | F11: 0.0348422 | G11: 0.044423 | H11: =AVERAGE(B9:B11) -> 0.011184933 | I11: =AVERAGE(C9:C11) -> 0.35357963 | J11: =AVERAGE(D9:D11) -> 0.018048633 | K11: =AVERAGE(E9:E11) -> 0.26795387 | L11: =AVERAGE(F9:F11) -> 0.0381353 | M11: =AVERAGE(G9:G11) -> 0.0497775 | O11: =DATE(YEAR(O10),MONTH(O10)+3,1) -> 25355 | P11: =VLOOKUP($O11,$A$4:$M$423,P$1) -> 0.0099031333 | Q11: =VLOOKUP($O11,$A$4:$M$423,Q$1) -> 0.33954363 | R11: =VLOOKUP($O11,$A$4:$M$423,R$1) -> 0.015979367 | S11: =VLOOKUP($O11,$A$4:$M$423,S$1) -> 0.2941297 | T11: =VLOOKUP($O11,$A$4:$M$423,T$1) -> 0.038720133 | U11: =VLOOKUP($O11,$A$4:$M$423,U$1) -> 0.0511342
A12: =DATE(YEAR(A11),MONTH(A11)+1,1) -> 24716 | B12: 0.0112091 | C12: 0.3589291 | D12: 0.0179185 | E12: 0.2811953 | F12: 0.0447644 | G12: 0.0523783 | H12: =AVERAGE(B10:B12) -> 0.011082467 | I12: =AVERAGE(C10:C12) -> 0.3526059 | J12: =AVERAGE(D10:D12) -> 0.016948167 | K12: =AVERAGE(E10:E12) -> 0.2809304 | L12: =AVERAGE(F10:F12) -> 0.039330767 | M12: =AVERAGE(G10:G12) -> 0.047660133 | O12: =DATE(YEAR(O11),MONTH(O11)+3,1) -> 25447 | P12: =VLOOKUP($O12,$A$4:$M$423,P$1) -> 0.010218267 | Q12: =VLOOKUP($O12,$A$4:$M$423,Q$1) -> 0.34857973 | R12: =VLOOKUP($O12,$A$4:$M$423,R$1) -> 0.016953533 | S12: =VLOOKUP($O12,$A$4:$M$423,S$1) -> 0.27857473 | T12: =VLOOKUP($O12,$A$4:$M$423,T$1) -> 0.040349167 | U12: =VLOOKUP($O12,$A$4:$M$423,U$1) -> 0.049984933
A13: =DATE(YEAR(A12),MONTH(A12)+1,1) -> 24746 | B13: 0.0110553 | C13: 0.3415378 | D13: 0.0185062 | E13: 0.2709729 | F13: 0.0408541 | G13: 0.0507293 | H13: =AVERAGE(B11:B13) -> 0.011005367 | I13: =AVERAGE(C11:C13) -> 0.34407197 | J13: =AVERAGE(D11:D13) -> 0.0178419 | K13: =AVERAGE(E11:E13) -> 0.279643 | L13: =AVERAGE(F11:F13) -> 0.040153567 | M13: =AVERAGE(G11:G13) -> 0.049176867 | O13: =DATE(YEAR(O12),MONTH(O12)+3,1) -> 25538 | P13: =VLOOKUP($O13,$A$4:$M$423,P$1) -> 0.010051733 | Q13: =VLOOKUP($O13,$A$4:$M$423,Q$1) -> 0.35151033 | R13: =VLOOKUP($O13,$A$4:$M$423,R$1) -> 0.0155199 | S13: =VLOOKUP($O13,$A$4:$M$423,S$1) -> 0.29077527 | T13: =VLOOKUP($O13,$A$4:$M$423,T$1) -> 0.041202867 | U13: =VLOOKUP($O13,$A$4:$M$423,U$1) -> 0.051826667
A14: =DATE(YEAR(A13),MONTH(A13)+1,1) -> 24777 | B14: 0.0108651 | C14: 0.3610201 | D14: 0.0177245 | E14: 0.2756512 | F14: 0.0416599 | G14: 0.050639 | H14: =AVERAGE(B12:B14) -> 0.011043167 | I14: =AVERAGE(C12:C14) -> 0.353829 | J14: =AVERAGE(D12:D14) -> 0.018049733 | K14: =AVERAGE(E12:E14) -> 0.2759398 | L14: =AVERAGE(F12:F14) -> 0.042426133 | M14: =AVERAGE(G12:G14) -> 0.051248867 | O14: =DATE(YEAR(O13),MONTH(O13)+3,1) -> 25628 | P14: =VLOOKUP($O14,$A$4:$M$423,P$1) -> 0.0121001 | Q14: =VLOOKUP($O14,$A$4:$M$423,Q$1) -> 0.31031617 | R14: =VLOOKUP($O14,$A$4:$M$423,R$1) -> 0.017357633 | S14: =VLOOKUP($O14,$A$4:$M$423,S$1) -> 0.27292983 | T14: =VLOOKUP($O14,$A$4:$M$423,T$1) -> 0.0373986 | U14: =VLOOKUP($O14,$A$4:$M$423,U$1) -> 0.048782667
A15: =DATE(YEAR(A14),MONTH(A14)+1,1) -> 24807 | B15: 0.0094198 | C15: 0.3397805 | D15: 0.0163968 | E15: 0.2707648 | F15: 0.037914 | G15: 0.0467465 | H15: =AVERAGE(B13:B15) -> 0.010446733 | I15: =AVERAGE(C13:C15) -> 0.34744613 | J15: =AVERAGE(D13:D15) -> 0.0175425 | K15: =AVERAGE(E13:E15) -> 0.27246297 | L15: =AVERAGE(F13:F15) -> 0.040142667 | M15: =AVERAGE(G13:G15) -> 0.0493716 | O15: =DATE(YEAR(O14),MONTH(O14)+3,1) -> 25720 | P15: =VLOOKUP($O15,$A$4:$M$423,P$1) -> 0.0128837 | Q15: =VLOOKUP($O15,$A$4:$M$423,Q$1) -> 0.30526567 | R15: =VLOOKUP($O15,$A$4:$M$423,R$1) -> 0.018502833 | S15: =VLOOKUP($O15,$A$4:$M$423,S$1) -> 0.2480003 | T15: =VLOOKUP($O15,$A$4:$M$423,T$1) -> 0.035654633 | U15: =VLOOKUP($O15,$A$4:$M$423,U$1) -> 0.0480955
A16: =DATE(YEAR(A15),MONTH(A15)+1,1) -> 24838 | B16: 0.0106134 | C16: 0.3180108 | D16: 0.0123217 | E16: 0.309076 | F16: 0.0446045 | G16: 0.0387532 | H16: =AVERAGE(B14:B16) -> 0.010299433 | I16: =AVERAGE(C14:C16) -> 0.3396038 | J16: =AVERAGE(D14:D16) -> 0.015481 | K16: =AVERAGE(E14:E16) -> 0.285164 | L16: =AVERAGE(F14:F16) -> 0.0413928 | M16: =AVERAGE(G14:G16) -> 0.045379567 | O16: =DATE(YEAR(O15),MONTH(O15)+3,1) -> 25812 | P16: =VLOOKUP($O16,$A$4:$M$423,P$1) -> 0.0144529 | Q16: =VLOOKUP($O16,$A$4:$M$423,Q$1) -> 0.3120314 | R16: =VLOOKUP($O16,$A$4:$M$423,R$1) -> 0.019638033 | S16: =VLOOKUP($O16,$A$4:$M$423,S$1) -> 0.2458857 | T16: =VLOOKUP($O16,$A$4:$M$423,T$1) -> 0.038040433 | U16: =VLOOKUP($O16,$A$4:$M$423,U$1) -> 0.049153133
A17: =DATE(YEAR(A16),MONTH(A16)+1,1) -> 24869 | B17: 0.011654 | C17: 0.3794353 | D17: 0.0165679 | E17: 0.2508639 | F17: 0.0358382 | G17: 0.0522836 | H17: =AVERAGE(B15:B17) -> 0.0105624 | I17: =AVERAGE(C15:C17) -> 0.3457422 | J17: =AVERAGE(D15:D17) -> 0.015095467 | K17: =AVERAGE(E15:E17) -> 0.27690157 | L17: =AVERAGE(F15:F17) -> 0.039452233 | M17: =AVERAGE(G15:G17) -> 0.045927767 | O17: =DATE(YEAR(O16),MONTH(O16)+3,1) -> 25903 | P17: =VLOOKUP($O17,$A$4:$M$423,P$1) -> 0.015573833 | Q17: =VLOOKUP($O17,$A$4:$M$423,Q$1) -> 0.31100793 | R17: =VLOOKUP($O17,$A$4:$M$423,R$1) -> 0.020845067 | S17: =VLOOKUP($O17,$A$4:$M$423,S$1) -> 0.22057673 | T17: =VLOOKUP($O17,$A$4:$M$423,T$1) -> 0.0382146 | U17: =VLOOKUP($O17,$A$4:$M$423,U$1) -> 0.049554833
A18: =DATE(YEAR(A17),MONTH(A17)+1,1) -> 24898 | B18: 0.0107857 | C18: 0.3502734 | D18: 0.0155352 | E18: 0.3056726 | F18: 0.039263 | G18: 0.0433117 | H18: =AVERAGE(B16:B18) -> 0.0110177 | I18: =AVERAGE(C16:C18) -> 0.34923983 | J18: =AVERAGE(D16:D18) -> 0.014808267 | K18: =AVERAGE(E16:E18) -> 0.2885375 | L18: =AVERAGE(F16:F18) -> 0.0399019 | M18: =AVERAGE(G16:G18) -> 0.044782833 | O18: =DATE(YEAR(O17),MONTH(O17)+3,1) -> 25993 | P18: =VLOOKUP($O18,$A$4:$M$423,P$1) -> 0.014108533 | Q18: =VLOOKUP($O18,$A$4:$M$423,Q$1) -> 0.26988683 | R18: =VLOOKUP($O18,$A$4:$M$423,R$1) -> 0.0206142 | S18: =VLOOKUP($O18,$A$4:$M$423,S$1) -> 0.22918563 | T18: =VLOOKUP($O18,$A$4:$M$423,T$1) -> 0.034665533 | U18: =VLOOKUP($O18,$A$4:$M$423,U$1) -> 0.042869
A19: =DATE(YEAR(A18),MONTH(A18)+1,1) -> 24929 | B19: 0.0091636 | C19: 0.3490126 | D19: 0.0136464 | E19: 0.2616777 | F19: 0.0386326 | G19: 0.0506033 | H19: =AVERAGE(B17:B19) -> 0.010534433 | I19: =AVERAGE(C17:C19) -> 0.35957377 | J19: =AVERAGE(D17:D19) -> 0.015249833 | K19: =AVERAGE(E17:E19) -> 0.27273807 | L19: =AVERAGE(F17:F19) -> 0.037911267 | M19: =AVERAGE(G17:G19) -> 0.048732867 | O19: =DATE(YEAR(O18),MONTH(O18)+3,1) -> 26085 | P19: =VLOOKUP($O19,$A$4:$M$423,P$1) -> 0.013430333 | Q19: =VLOOKUP($O19,$A$4:$M$423,Q$1) -> 0.2714434 | R19: =VLOOKUP($O19,$A$4:$M$423,R$1) -> 0.0216908 | S19: =VLOOKUP($O19,$A$4:$M$423,S$1) -> 0.24213683 | T19: =VLOOKUP($O19,$A$4:$M$423,T$1) -> 0.035715633 | U19: =VLOOKUP($O19,$A$4:$M$423,U$1) -> 0.046292667
A20: =DATE(YEAR(A19),MONTH(A19)+1,1) -> 24959 | B20: 0.0096021 | C20: 0.3590077 | D20: 0.0141959 | E20: 0.2909121 | F20: 0.0387778 | G20: 0.0494963 | H20: =AVERAGE(B18:B20) -> 0.0098504667 | I20: =AVERAGE(C18:C20) -> 0.35276457 | J20: =AVERAGE(D18:D20) -> 0.014459167 | K20: =AVERAGE(E18:E20) -> 0.28608747 | L20: =AVERAGE(F18:F20) -> 0.038891133 | M20: =AVERAGE(G18:G20) -> 0.047803767 | O20: =DATE(YEAR(O19),MONTH(O19)+3,1) -> 26177 | P20: =VLOOKUP($O20,$A$4:$M$423,P$1) -> 0.014534267 | Q20: =VLOOKUP($O20,$A$4:$M$423,Q$1) -> 0.28507243 | R20: =VLOOKUP($O20,$A$4:$M$423,R$1) -> 0.0229893 | S20: =VLOOKUP($O20,$A$4:$M$423,S$1) -> 0.24939057 | T20: =VLOOKUP($O20,$A$4:$M$423,T$1) -> 0.037521333 | U20: =VLOOKUP($O20,$A$4:$M$423,U$1) -> 0.049578167
... A141: =DATE(YEAR(A140),MONTH(A140)+1,1) -> 28642 | B141: 0.0144133 | C141: 0.3119954 | D141: 0.0250703 | E141: 0.221021 | F141: 0.0349392 | G141: 0.0555209 | H141: =AVERAGE(B139:B141) -> 0.013744433 | I141: =AVERAGE(C139:C141) -> 0.2950073 | J141: =AVERAGE(D139:D141) -> 0.0250796 | K141: =AVERAGE(E139:E141) -> 0.23291167 | L141: =AVERAGE(F139:F141) -> 0.032312667 | M141: =AVERAGE(G139:G141) -> 0.049511967 | O141: =DATE(YEAR(O140),MONTH(O140)+3,1) -> 37226 | P141: =VLOOKUP($O141,$A$4:$M$423,P$1) -> 0.014422333 | Q141: =VLOOKUP($O141,$A$4:$M$423,Q$1) -> 0.27123407 | R141: =VLOOKUP($O141,$A$4:$M$423,R$1) -> 0.0262986 | S141: =VLOOKUP($O141,$A$4:$M$423,S$1) -> 0.2266013 | T141: =VLOOKUP($O141,$A$4:$M$423,T$1) -> 0.029426367 | U141: =VLOOKUP($O141,$A$4:$M$423,U$1) -> 0.048372867
A142: =DATE(YEAR(A141),MONTH(A141)+1,1) -> 28672 | B142: 0.0156519 | C142: 0.2597227 | D142: 0.0244201 | E142: 0.2443228 | F142: 0.0328466 | G142: 0.0456045 | H142: =AVERAGE(B140:B142) -> 0.014494333 | I142: =AVERAGE(C140:C142) -> 0.28196583 | J142: =AVERAGE(D140:D142) -> 0.025152733 | K142: =AVERAGE(E140:E142) -> 0.23576347 | L142: =AVERAGE(F140:F142) -> 0.033124 | M142: =AVERAGE(G140:G142) -> 0.048284933
A143: =DATE(YEAR(A142),MONTH(A142)+1,1) -> 28703 | B143: 0.0141245 | C143: 0.2772809 | D143: 0.0237851 | E143: 0.2341744 | F143: 0.0312198 | G143: 0.0465059 | H143: =AVERAGE(B141:B143) -> 0.0147299 | I143: =AVERAGE(C141:C143) -> 0.28299967 | J143: =AVERAGE(D141:D143) -> 0.024425167 | K143: =AVERAGE(E141:E143) -> 0.23317273 | L143: =AVERAGE(F141:F143) -> 0.033001867 | M143: =AVERAGE(G141:G143) -> 0.049210433
A144: =DATE(YEAR(A143),MONTH(A143)+1,1) -> 28734 | B144: 0.015766 | C144: 0.3163286 | D144: 0.0254534 | E144: 0.2331057 | F144: 0.0368519 | G144: 0.0558285 | H144: =AVERAGE(B142:B144) -> 0.0151808 | I144: =AVERAGE(C142:C144) -> 0.28444407 | J144: =AVERAGE(D142:D144) -> 0.024552867 | K144: =AVERAGE(E142:E144) -> 0.23720097 | L144: =AVERAGE(F142:F144) -> 0.033639433 | M144: =AVERAGE(G142:G144) -> 0.049312967
A145: =DATE(YEAR(A144),MONTH(A144)+1,1) -> 28764 | B145: 0.0140991 | C145: 0.2965678 | D145: 0.0249635 | E145: 0.2237014 | F145: 0.0321442 | G145: 0.0463948 | H145: =AVERAGE(B143:B145) -> 0.0146632 | I145: =AVERAGE(C143:C145) -> 0.29672577 | J145: =AVERAGE(D143:D145) -> 0.024734 | K145: =AVERAGE(E143:E145) -> 0.23032717 | L145: =AVERAGE(F143:F145) -> 0.0334053 | M145: =AVERAGE(G143:G145) -> 0.0495764
A146: =DATE(YEAR(A145),MONTH(A145)+1,1) -> 28795 | B146: 0.0137395 | C146: 0.2996708 | D146: 0.0253577 | E146: 0.2335649 | F146: 0.0359909 | G146: 0.0498366 | H146: =AVERAGE(B144:B146) -> 0.014534867 | I146: =AVERAGE(C144:C146) -> 0.30418907 | J146: =AVERAGE(D144:D146) -> 0.0252582 | K146: =AVERAGE(E144:E146) -> 0.230124 | L146: =AVERAGE(F144:F146) -> 0.034995667 | M146: =AVERAGE(G144:G146) -> 0.050686633
A147: =DATE(YEAR(A146),MONTH(A146)+1,1) -> 28825 | B147: 0.0138195 | C147: 0.2409189 | D147: 0.0236629 | E147: 0.2252878 | F147: 0.0304217 | G147: 0.0441946 | H147: =AVERAGE(B145:B147) -> 0.013886033 | I147: =AVERAGE(C145:C147) -> 0.2790525 | J147: =AVERAGE(D145:D147) -> 0.024661367 | K147: =AVERAGE(E145:E147) -> 0.22751803 | L147: =AVERAGE(F145:F147) -> 0.032852267 | M147: =AVERAGE(G145:G147) -> 0.046808667
A148: =DATE(YEAR(A147),MONTH(A147)+1,1) -> 28856 | B148: 0.0138379 | C148: 0.2742749 | D148: 0.0219155 | E148: 0.2271122 | F148: 0.033996 | G148: 0.0497464 | H148: =AVERAGE(B146:B148) -> 0.013798967 | I148: =AVERAGE(C146:C148) -> 0.27162153 | J148: =AVERAGE(D146:D148) -> 0.023645367 | K148: =AVERAGE(E146:E148) -> 0.22865497 | L148: =AVERAGE(F146:F148) -> 0.033469533 | M148: =AVERAGE(G146:G148) -> 0.047925867
A149: =DATE(YEAR(A148),MONTH(A148)+1,1) -> 28887 | B149: 0.0144071 | C149: 0.2893272 | D149: 0.0254785 | E149: 0.2381575 | F149: 0.03429 | G149: 0.0475539 | H149: =AVERAGE(B147:B149) -> 0.0140215 | I149: =AVERAGE(C147:C149) -> 0.26817367 | J149: =AVERAGE(D147:D149) -> 0.023685633 | K149: =AVERAGE(E147:E149) -> 0.23018583 | L149: =AVERAGE(F147:F149) -> 0.032902567 | M149: =AVERAGE(G147:G149) -> 0.047164967
A150: =DATE(YEAR(A149),MONTH(A149)+1,1) -> 28915 | B150: 0.0131258 | C150: 0.2883488 | D150: 0.0242797 | E150: 0.2235258 | F150: 0.0330401 | G150: 0.0497597 | H150: =AVERAGE(B148:B150) -> 0.013790267 | I150: =AVERAGE(C148:C150) -> 0.28398363 | J150: =AVERAGE(D148:D150) -> 0.023891233 | K150: =AVERAGE(E148:E150) -> 0.2295985 | L150: =AVERAGE(F148:F150) -> 0.033775367 | M150: =AVERAGE(G148:G150) -> 0.04902
A151: =DATE(YEAR(A150),MONTH(A150)+1,1) -> 28946 | B151: 0.0143008 | C151: 0.2685401 | D151: 0.0235452 | E151: 0.2461447 | F151: 0.0338222 | G151: 0.0462919 | H151: =AVERAGE(B149:B151) -> 0.013944567 | I151: =AVERAGE(C149:C151) -> 0.28207203 | J151: =AVERAGE(D149:D151) -> 0.024434467 | K151: =AVERAGE(E149:E151) -> 0.23594267 | L151: =AVERAGE(F149:F151) -> 0.033717433 | M151: =AVERAGE(G149:G151) -> 0.0478685
A152: =DATE(YEAR(A151),MONTH(A151)+1,1) -> 28976 | B152: 0.0133704 | C152: 0.3027424 | D152: 0.0236123 | E152: 0.2308349 | F152: 0.0339553 | G152: 0.0463615 | H152: =AVERAGE(B150:B152) -> 0.013599 | I152: =AVERAGE(C150:C152) -> 0.28654377 | J152: =AVERAGE(D150:D152) -> 0.0238124 | K152: =AVERAGE(E150:E152) -> 0.2335018 | L152: =AVERAGE(F150:F152) -> 0.033605867 | M152: =AVERAGE(G150:G152) -> 0.047471033
A153: =DATE(YEAR(A152),MONTH(A152)+1,1) -> 29007 | B153: 0.0158737 | C153: 0.3181669 | D153: 0.0239977 | E153: 0.2370566 | F153: 0.0347155 | G153: 0.0549755 | H153: =AVERAGE(B151:B153) -> 0.014514967 | I153: =AVERAGE(C151:C153) -> 0.29648313 | J153: =AVERAGE(D151:D153) -> 0.0237184 | K153: =AVERAGE(E151:E153) -> 0.23801207 | L153: =AVERAGE(F151:F153) -> 0.034164333 | M153: =AVERAGE(G151:G153) -> 0.049209633
... A423: =DATE(YEAR(A422),MONTH(A422)+1,1) -> 37226 | B423: 0.0130842 | C423: 0.276443 | D423: 0.0277708 | E423: 0.2183236 | F423: 0.0302374 | G423: 0.0498728 | H423: =AVERAGE(B421:B423) -> 0.014422333 | I423: =AVERAGE(C421:C423) -> 0.27123407 | J423: =AVERAGE(D421:D423) -> 0.0262986 | K423: =AVERAGE(E421:E423) -> 0.2266013 | L423: =AVERAGE(F421:F423) -> 0.029426367 | M423: =AVERAGE(G421:G423) -> 0.048372867

Sheet Spliced data
B1: P[EU] | C1: P[UE] | D1: P[NU] | E1: P[UN] | F1: P[EN] | G1: P[NE]
A2: 24624 | B2: ='Ritter transition probs'!P4 -> 0.011082467 | C2: ='Ritter transition probs'!Q4 -> 0.3526059 | D2: ='Ritter transition probs'!R4 -> 0.016948167 | E2: ='Ritter transition probs'!S4 -> 0.2809304 | F2: ='Ritter transition probs'!T4 -> 0.039330767 | G2: ='Ritter transition probs'!U4 -> 0.047660133
A3: =DATE(YEAR(A2),MONTH(A2)+3,1) -> 24716 | B3: ='Ritter transition probs'!P5 -> 0.010446733 | C3: ='Ritter transition probs'!Q5 -> 0.34744613 | D3: ='Ritter transition probs'!R5 -> 0.0175425 | E3: ='Ritter transition probs'!S5 -> 0.27246297 | F3: ='Ritter transition probs'!T5 -> 0.040142667 | G3: ='Ritter transition probs'!U5 -> 0.0493716
A4: =DATE(YEAR(A3),MONTH(A3)+3,1) -> 24807 | B4: ='Ritter transition probs'!P6 -> 0.0110177 | C4: ='Ritter transition probs'!Q6 -> 0.34923983 | D4: ='Ritter transition probs'!R6 -> 0.014808267 | E4: ='Ritter transition probs'!S6 -> 0.2885375 | F4: ='Ritter transition probs'!T6 -> 0.0399019 | G4: ='Ritter transition probs'!U6 -> 0.044782833
A5: =DATE(YEAR(A4),MONTH(A4)+3,1) -> 24898 | B5: ='Ritter transition probs'!P7 -> 0.0096167667 | C5: ='Ritter transition probs'!Q7 -> 0.3438564 | D5: ='Ritter transition probs'!R7 -> 0.016573567 | E5: ='Ritter transition probs'!S7 -> 0.27671583 | F5: ='Ritter transition probs'!T7 -> 0.038934067 | G5: ='Ritter transition probs'!U7 -> 0.051736133
A6: =DATE(YEAR(A5),MONTH(A5)+3,1) -> 24990 | B6: ='Ritter transition probs'!P8 -> 0.0099575667 | C6: ='Ritter transition probs'!Q8 -> 0.35289447 | D6: ='Ritter transition probs'!R8 -> 0.015326467 | E6: ='Ritter transition probs'!S8 -> 0.28180387 | F6: ='Ritter transition probs'!T8 -> 0.0427929 | G6: ='Ritter transition probs'!U8 -> 0.048177167
A7: =DATE(YEAR(A6),MONTH(A6)+3,1) -> 25082 | B7: ='Ritter transition probs'!P9 -> 0.0086789 | C7: ='Ritter transition probs'!Q9 -> 0.35996813 | D7: ='Ritter transition probs'!R9 -> 0.015690533 | E7: ='Ritter transition probs'!S9 -> 0.2882847 | F7: ='Ritter transition probs'!T9 -> 0.041321733 | G7: ='Ritter transition probs'!U9 -> 0.049018833
A8: =DATE(YEAR(A7),MONTH(A7)+3,1) -> 25173 | B8: ='Ritter transition probs'!P10 -> 0.0095053667 | C8: ='Ritter transition probs'!Q10 -> 0.35391487 | D8: ='Ritter transition probs'!R10 -> 0.014988567 | E8: ='Ritter transition probs'!S10 -> 0.3017945 | F8: ='Ritter transition probs'!T10 -> 0.039664633 | G8: ='Ritter transition probs'!U10 -> 0.046742467
A9: =DATE(YEAR(A8),MONTH(A8)+3,1) -> 25263 | B9: ='Ritter transition probs'!P11 -> 0.0099031333 | C9: ='Ritter transition probs'!Q11 -> 0.33954363 | D9: ='Ritter transition probs'!R11 -> 0.015979367 | E9: ='Ritter transition probs'!S11 -> 0.2941297 | F9: ='Ritter transition probs'!T11 -> 0.038720133 | G9: ='Ritter transition probs'!U11 -> 0.0511342
A10: =DATE(YEAR(A9),MONTH(A9)+3,1) -> 25355 | B10: ='Ritter transition probs'!P12 -> 0.010218267 | C10: ='Ritter transition probs'!Q12 -> 0.34857973 | D10: ='Ritter transition probs'!R12 -> 0.016953533 | E10: ='Ritter transition probs'!S12 -> 0.27857473 | F10: ='Ritter transition probs'!T12 -> 0.040349167 | G10: ='Ritter transition probs'!U12 -> 0.049984933
A11: =DATE(YEAR(A10),MONTH(A10)+3,1) -> 25447 | B11: ='Ritter transition probs'!P13 -> 0.010051733 | C11: ='Ritter transition probs'!Q13 -> 0.35151033 | D11: ='Ritter transition probs'!R13 -> 0.0155199 | E11: ='Ritter transition probs'!S13 -> 0.29077527 | F11: ='Ritter transition probs'!T13 -> 0.041202867 | G11: ='Ritter transition probs'!U13 -> 0.051826667
A12: =DATE(YEAR(A11),MONTH(A11)+3,1) -> 25538 | B12: ='Ritter transition probs'!P14 -> 0.0121001 | C12: ='Ritter transition probs'!Q14 -> 0.31031617 | D12: ='Ritter transition probs'!R14 -> 0.017357633 | E12: ='Ritter transition probs'!S14 -> 0.27292983 | F12: ='Ritter transition probs'!T14 -> 0.0373986 | G12: ='Ritter transition probs'!U14 -> 0.048782667
A13: =DATE(YEAR(A12),MONTH(A12)+3,1) -> 25628 | B13: ='Ritter transition probs'!P15 -> 0.0128837 | C13: ='Ritter transition probs'!Q15 -> 0.30526567 | D13: ='Ritter transition probs'!R15 -> 0.018502833 | E13: ='Ritter transition probs'!S15 -> 0.2480003 | F13: ='Ritter transition probs'!T15 -> 0.035654633 | G13: ='Ritter transition probs'!U15 -> 0.0480955
A14: =DATE(YEAR(A13),MONTH(A13)+3,1) -> 25720 | B14: ='Ritter transition probs'!P16 -> 0.0144529 | C14: ='Ritter transition probs'!Q16 -> 0.3120314 | D14: ='Ritter transition probs'!R16 -> 0.019638033 | E14: ='Ritter transition probs'!S16 -> 0.2458857 | F14: ='Ritter transition probs'!T16 -> 0.038040433 | G14: ='Ritter transition probs'!U16 -> 0.049153133
... A93: =DATE(YEAR(A92),MONTH(A92)+3,1) -> 32933 | B93: ='Ritter transition probs'!P95 -> 0.0142005 | C93: ='Ritter transition probs'!Q95 -> 0.28395537 | D93: ='Ritter transition probs'!R95 -> 0.021762933 | E93: ='Ritter transition probs'!S95 -> 0.20963963 | F93: ='Ritter transition probs'!T95 -> 0.027815567 | G93: ='Ritter transition probs'!U95 -> 0.047215333
A94: =DATE(YEAR(A93),MONTH(A93)+3,1) -> 33025 | B94: ='BLS transition probs'!P4 -> 0.014892585 | C94: ='BLS transition probs'!Q4 -> 0.28184916 | D94: ='BLS transition probs'!R4 -> 0.023214891 | E94: ='BLS transition probs'!S4 -> 0.20368828 | F94: ='BLS transition probs'!T4 -> 0.028018612 | G94: ='BLS transition probs'!U4 -> 0.048964268
A95: =DATE(YEAR(A94),MONTH(A94)+3,1) -> 33117 | B95: ='BLS transition probs'!P5 -> 0.015619605 | C95: ='BLS transition probs'!Q5 -> 0.26718246 | D95: ='BLS transition probs'!R5 -> 0.025134707 | E95: ='BLS transition probs'!S5 -> 0.19951282 | F95: ='BLS transition probs'!T5 -> 0.027367035 | G95: ='BLS transition probs'!U5 -> 0.047972481
A96: =DATE(YEAR(A95),MONTH(A95)+3,1) -> 33208 | B96: ='BLS transition probs'!P6 -> 0.016349002 | C96: ='BLS transition probs'!Q6 -> 0.26433147 | D96: ='BLS transition probs'!R6 -> 0.026015304 | E96: ='BLS transition probs'!S6 -> 0.19291766 | F96: ='BLS transition probs'!T6 -> 0.027377111 | G96: ='BLS transition probs'!U6 -> 0.047533156
A97: =DATE(YEAR(A96),MONTH(A96)+3,1) -> 33298 | B97: ='BLS transition probs'!P7 -> 0.017495651 | C97: ='BLS transition probs'!Q7 -> 0.25434973 | D97: ='BLS transition probs'!R7 -> 0.026983475 | E97: ='BLS transition probs'!S7 -> 0.19093996 | F97: ='BLS transition probs'!T7 -> 0.026390825 | G97: ='BLS transition probs'!U7 -> 0.04510232
A98: =DATE(YEAR(A97),MONTH(A97)+3,1) -> 33390 | B98: ='BLS transition probs'!P8 -> 0.016821954 | C98: ='BLS transition probs'!Q8 -> 0.25295888 | D98: ='BLS transition probs'!R8 -> 0.027664493 | E98: ='BLS transition probs'!S8 -> 0.18318264 | F98: ='BLS transition probs'!T8 -> 0.026849627 | G98: ='BLS transition probs'!U8 -> 0.045175501
A99: =DATE(YEAR(A98),MONTH(A98)+3,1) -> 33482 | B99: ='BLS transition probs'!P9 -> 0.016867474 | C99: ='BLS transition probs'!Q9 -> 0.24870609 | D99: ='BLS transition probs'!R9 -> 0.027421862 | E99: ='BLS transition probs'!S9 -> 0.18743829 | F99: ='BLS transition probs'!T9 -> 0.02607345 | G99: ='BLS transition probs'!U9 -> 0.045336479
A100: =DATE(YEAR(A99),MONTH(A99)+3,1) -> 33573 | B100: ='BLS transition probs'!P10 -> 0.016772246 | C100: ='BLS transition probs'!Q10 -> 0.23293136 | D100: ='BLS transition probs'!R10 -> 0.028735359 | E100: ='BLS transition probs'!S10 -> 0.18658574 | F100: ='BLS transition probs'!T10 -> 0.025734062 | G100: ='BLS transition probs'!U10 -> 0.042112779
A101: =DATE(YEAR(A100),MONTH(A100)+3,1) -> 33664 | B101: ='BLS transition probs'!P11 -> 0.016869696 | C101: ='BLS transition probs'!Q11 -> 0.23591936 | D101: ='BLS transition probs'!R11 -> 0.028801533 | E101: ='BLS transition probs'!S11 -> 0.17115794 | F101: ='BLS transition probs'!T11 -> 0.025087794 | G101: ='BLS transition probs'!U11 -> 0.04499873
A102: =DATE(YEAR(A101),MONTH(A101)+3,1) -> 33756 | B102: ='BLS transition probs'!P12 -> 0.016903544 | C102: ='BLS transition probs'!Q12 -> 0.22920055 | D102: ='BLS transition probs'!R12 -> 0.031205702 | E102: ='BLS transition probs'!S12 -> 0.17478451 | F102: ='BLS transition probs'!T12 -> 0.025391767 | G102: ='BLS transition probs'!U12 -> 0.044176061
A103: =DATE(YEAR(A102),MONTH(A102)+3,1) -> 33848 | B103: ='BLS transition probs'!P13 -> 0.016790724 | C103: ='BLS transition probs'!Q13 -> 0.22676415 | D103: ='BLS transition probs'!R13 -> 0.02991641 | E103: ='BLS transition probs'!S13 -> 0.18070404 | F103: ='BLS transition probs'!T13 -> 0.025858938 | G103: ='BLS transition probs'!U13 -> 0.044320965
A104: =DATE(YEAR(A103),MONTH(A103)+3,1) -> 33939 | B104: ='BLS transition probs'!P14 -> 0.016663569 | C104: ='BLS transition probs'!Q14 -> 0.23533787 | D104: ='BLS transition probs'!R14 -> 0.030099485 | E104: ='BLS transition probs'!S14 -> 0.18530872 | F104: ='BLS transition probs'!T14 -> 0.026570298 | G104: ='BLS transition probs'!U14 -> 0.044323193
A105: =DATE(YEAR(A104),MONTH(A104)+3,1) -> 34029 | B105: ='BLS transition probs'!P15 -> 0.015813438 | C105: ='BLS transition probs'!Q15 -> 0.23034156 | D105: ='BLS transition probs'!R15 -> 0.028339427 | E105: ='BLS transition probs'!S15 -> 0.18978993 | F105: ='BLS transition probs'!T15 -> 0.026526595 | G105: ='BLS transition probs'!U15 -> 0.045944301
... A188: =DATE(YEAR(A187),MONTH(A187)+3,1) -> 41609 | B188: ='BLS transition probs'!P98 -> #N/A | C188: ='BLS transition probs'!Q98 -> #N/A | D188: ='BLS transition probs'!R98 -> #N/A | E188: ='BLS transition probs'!S98 -> #N/A | F188: ='BLS transition probs'!T98 -> #N/A | G188: ='BLS transition probs'!U98 -> #N/A
